timestamp,sniffer_cpu,sniffer_mem_mb,detector_cpu,detector_mem_mb,system_cpu,system_mem_pct
2025-10-26 08:53:15,0.0,4.5625,6.6,139.281,25.0,7.3
2025-10-26 08:53:20,0.0,4.5625,6.5,139.281,0.0,7.3
2025-10-26 08:53:25,0.0,4.5625,6.6,139.281,0.0,7.3
2025-10-26 08:53:31,0.0,4.5625,6.5,139.281,0.0,7.3
2025-10-26 08:53:36,0.0,4.5625,6.6,139.281,0.0,7.3
2025-10-26 08:53:41,0.0,4.5625,6.6,139.281,0.0,7.3
2025-10-26 08:53:46,0.0,4.5625,6.6,139.281,0.0,7.4
2025-10-26 08:53:52,0.0,4.5625,6.6,139.281,0.0,7.3
2025-10-26 08:53:57,0.0,4.5625,6.6,139.281,0.0,7.2
2025-10-26 08:54:02,0.0,4.5625,6.6,139.281,0.0,7.2
2025-10-26 08:54:07,0.0,4.5625,6.6,139.281,0.0,7.2
2025-10-26 08:54:13,0.0,4.5625,6.6,139.281,0.0,7.2
2025-10-26 08:54:18,0.0,4.5625,6.6,139.281,0.0,7.3
2025-10-26 08:54:23,0.0,4.5625,6.6,139.281,0.0,7.3
2025-10-26 08:54:28,0.0,4.5625,6.5,139.281,0.0,7.2
2025-10-26 08:54:34,0.0,4.5625,6.6,139.281,0.0,7.2
2025-10-26 08:54:39,0.0,4.5625,6.5,139.281,0.0,7.2
2025-10-26 08:54:44,0.0,4.5625,6.5,139.281,0.0,7.2
2025-10-26 08:54:50,0.0,4.5625,6.6,139.281,0.0,7.3
2025-10-26 08:54:55,0.0,4.5625,6.6,139.281,0.0,7.3
2025-10-26 08:55:00,0.0,4.5625,6.6,139.281,25.0,7.2
2025-10-26 08:55:05,0.0,4.5625,6.6,139.281,0.0,7.2
2025-10-26 08:55:11,0.0,4.5625,6.6,139.281,0.0,7.3
2025-10-26 08:55:16,0.0,4.5625,6.6,139.281,0.0,7.3
2025-10-26 08:55:21,0.0,4.5625,6.6,139.281,0.0,7.3
2025-10-26 08:55:27,0.0,4.5625,6.5,139.281,50.0,7.5
2025-10-26 08:55:32,0.0,4.5625,6.5,139.281,0.0,7.2
2025-10-26 08:55:37,0.0,4.5625,6.5,139.281,0.0,7.3
2025-10-26 08:55:43,0.0,4.5625,6.5,139.281,0.0,7.3
2025-10-26 08:55:48,0.0,4.5625,6.5,139.281,0.0,7.3
2025-10-26 08:55:53,0.0,4.5625,6.5,139.281,0.0,7.3
2025-10-26 08:55:58,0.0,4.5625,6.5,139.281,0.0,7.3
2025-10-26 08:56:04,0.0,4.5625,6.5,139.281,0.0,7.3
2025-10-26 08:56:09,0.0,4.5625,6.5,139.281,0.0,7.2
2025-10-26 08:56:14,0.0,4.5625,6.5,139.281,0.0,7.2
2025-10-26 08:56:20,0.0,4.5625,6.5,139.281,0.0,7.2
2025-10-26 08:56:25,0.0,4.5625,6.5,139.281,0.0,7.2
2025-10-26 08:56:30,0.0,4.5625,6.5,139.281,0.0,7.2
2025-10-26 08:56:35,0.0,4.5625,6.5,139.281,0.0,7.2
2025-10-26 08:56:41,0.0,4.5625,6.5,139.281,0.0,7.3
2025-10-26 08:56:46,0.0,4.5625,6.5,139.281,0.0,7.3
2025-10-26 08:56:51,0.0,4.5625,6.5,139.281,0.0,7.3
2025-10-26 08:56:57,0.0,4.5625,6.5,139.281,0.0,7.3
2025-10-26 08:57:02,0.0,4.5625,6.5,139.281,0.0,7.2
2025-10-26 08:57:07,0.0,4.5625,6.5,139.281,0.0,7.2
2025-10-26 08:57:12,0.0,4.5625,6.5,139.281,0.0,7.3
2025-10-26 08:57:18,0.0,4.5625,6.5,139.281,0.0,7.2
2025-10-26 08:57:23,0.0,4.5625,6.5,139.281,0.0,7.3
2025-10-26 08:57:28,0.0,4.5625,6.5,139.281,0.0,7.3
2025-10-26 08:57:33,0.0,4.5625,6.5,139.281,0.0,7.4
2025-10-26 08:57:39,0.0,4.5625,6.5,139.281,0.0,7.4
2025-10-26 08:57:44,0.0,4.5625,6.5,139.281,0.0,7.2
2025-10-26 08:57:49,0.0,4.5625,6.5,139.281,0.0,7.2
2025-10-26 08:57:54,0.0,4.5625,6.5,139.281,0.0,7.2
2025-10-26 08:58:00,0.0,4.5625,6.5,139.281,0.0,7.3
2025-10-26 08:58:05,0.0,4.5625,6.5,139.281,0.0,7.4
2025-10-26 08:58:10,0.0,4.5625,6.5,139.281,0.0,7.4
2025-10-26 08:58:16,0.0,4.5625,6.5,139.281,33.3,7.1
2025-10-26 08:58:21,0.0,4.5625,6.5,139.281,0.0,7.3
2025-10-26 08:58:26,0.0,4.5625,6.5,139.281,0.0,7.3
2025-10-26 08:58:32,0.0,4.5625,6.5,139.281,50.0,7.2
2025-10-26 08:58:37,0.0,4.5625,6.5,139.281,0.0,7.3
2025-10-26 08:58:42,0.0,4.5625,6.5,139.281,0.0,7.3
2025-10-26 08:58:47,0.0,4.5625,6.5,139.281,0.0,7.3
2025-10-26 08:58:53,0.0,4.5625,6.5,139.281,0.0,7.3
2025-10-26 08:58:58,0.0,4.5625,6.5,139.281,0.0,7.4
2025-10-26 08:59:03,0.0,4.5625,6.5,139.281,0.0,7.1
2025-10-26 08:59:08,0.0,4.5625,6.5,139.281,0.0,7.2
2025-10-26 08:59:14,0.0,4.5625,6.5,139.281,0.0,7.2
2025-10-26 08:59:19,0.0,4.5625,6.5,139.281,0.0,7.2
2025-10-26 08:59:24,0.0,4.5625,6.5,139.281,0.0,7.3
2025-10-26 08:59:30,0.0,4.5625,6.5,139.281,0.0,7.3
2025-10-26 08:59:35,0.0,4.5625,6.6,139.281,0.0,7.3
2025-10-26 08:59:40,0.0,4.5625,6.6,139.281,0.0,7.2
2025-10-26 08:59:45,0.0,4.5625,6.6,139.281,0.0,7.2
2025-10-26 08:59:51,0.0,4.5625,6.6,139.281,33.3,7.2
2025-10-26 08:59:56,0.0,4.5625,6.6,139.281,0.0,7.3
2025-10-26 09:00:01,0.0,4.5625,6.6,139.281,0.0,7.2
2025-10-26 09:00:07,0.0,4.5625,6.6,139.281,0.0,7.2
2025-10-26 09:00:12,0.0,4.5625,6.6,139.281,0.0,7.2
2025-10-26 09:00:17,0.0,4.5625,6.6,139.281,0.0,7.3
2025-10-26 09:00:22,0.0,4.5625,6.6,139.281,0.0,7.3
2025-10-26 09:00:28,0.0,4.5625,6.6,139.281,0.0,7.3
2025-10-26 09:00:33,0.0,4.5625,6.6,139.281,0.0,7.3
2025-10-26 09:00:38,0.0,4.5625,6.6,139.281,0.0,7.2
2025-10-26 09:00:43,0.0,4.5625,6.6,139.281,0.0,7.2
2025-10-26 09:00:49,0.0,4.5625,6.6,139.281,0.0,7.3
2025-10-26 09:00:54,0.0,4.5625,6.6,139.281,33.3,7.3
2025-10-26 09:00:59,0.0,4.5625,6.6,139.281,0.0,7.2
2025-10-26 09:01:04,0.0,4.5625,6.6,139.281,50.0,7.3
2025-10-26 09:01:10,0.0,4.5625,6.6,139.281,0.0,7.2
2025-10-26 09:01:15,0.0,4.5625,6.6,139.281,0.0,7.2
2025-10-26 09:01:20,0.0,4.5625,6.6,139.281,0.0,7.1
2025-10-26 09:01:25,0.0,4.5625,6.6,139.281,0.0,7.3
2025-10-26 09:01:31,0.0,4.5625,6.6,139.281,0.0,7.2
2025-10-26 09:01:36,0.0,4.5625,6.6,139.281,0.0,7.3
2025-10-26 09:01:41,0.0,4.5625,6.6,139.281,0.0,7.3
2025-10-26 09:01:46,0.0,4.5625,6.6,139.281,0.0,7.3
2025-10-26 09:01:52,0.0,4.5625,6.6,139.281,0.0,7.3
2025-10-26 09:01:57,0.0,4.5625,6.6,139.281,0.0,7.2
2025-10-26 09:02:02,0.0,4.5625,6.6,139.281,0.0,7.3
2025-10-26 09:02:08,0.0,4.5625,6.6,139.281,0.0,7.2
2025-10-26 09:02:13,0.0,4.5625,6.6,139.281,0.0,7.2
2025-10-26 09:02:18,0.0,4.5625,6.6,139.281,0.0,7.2
2025-10-26 09:02:23,0.0,4.5625,6.6,139.281,0.0,7.2
2025-10-26 09:02:29,0.0,4.5625,6.6,139.281,0.0,7.3
2025-10-26 09:02:34,0.0,4.5625,6.6,139.281,0.0,7.3
2025-10-26 09:02:39,0.0,4.5625,6.6,139.281,0.0,7.3
2025-10-26 09:02:44,0.0,4.5625,6.6,139.281,0.0,7.3
2025-10-26 09:02:50,0.0,4.5625,6.6,139.281,0.0,7.2
2025-10-26 09:02:55,0.0,4.5625,6.6,139.281,0.0,7.2
2025-10-26 09:03:00,0.0,4.5625,6.6,139.281,0.0,7.3
2025-10-26 09:03:06,0.0,4.5625,6.6,139.281,33.3,7.3
2025-10-26 09:03:11,0.0,4.5625,6.6,139.281,0.0,7.3
2025-10-26 09:03:16,0.0,4.5625,6.6,139.281,0.0,7.3
2025-10-26 09:03:21,0.0,4.5625,6.6,139.281,0.0,7.3
2025-10-26 09:03:27,0.0,4.5625,6.6,139.281,0.0,7.3
2025-10-26 09:03:32,0.0,4.5625,6.5,139.281,0.0,7.2
2025-10-26 09:03:37,0.0,4.5625,6.6,139.281,0.0,7.2
2025-10-26 09:03:43,0.0,4.5625,6.6,139.281,0.0,7.3
2025-10-26 09:03:48,0.0,4.5625,6.6,139.281,0.0,7.2
2025-10-26 09:03:53,0.0,4.5625,6.6,139.281,0.0,7.2
2025-10-26 09:03:58,0.0,4.5625,6.6,139.281,0.0,7.3
2025-10-26 09:04:04,0.0,4.5625,6.6,139.281,0.0,7.3
2025-10-26 09:04:09,0.0,4.5625,6.6,139.281,50.0,7.4
2025-10-26 09:04:14,0.0,4.5625,6.6,139.281,0.0,7.4
2025-10-26 09:04:19,0.0,4.5625,6.6,139.281,0.0,7.3
2025-10-26 09:04:25,0.0,4.5625,6.6,139.281,0.0,7.3
2025-10-26 09:04:30,0.0,4.5625,6.6,139.281,0.0,7.3
2025-10-26 09:04:35,0.0,4.5625,6.6,139.281,0.0,7.2
2025-10-26 09:04:41,0.0,4.5625,6.6,139.281,0.0,7.3
2025-10-26 09:04:46,0.0,4.5625,6.6,139.281,0.0,7.2
2025-10-26 09:04:51,0.0,4.5625,6.6,139.281,0.0,7.2
2025-10-26 09:04:56,0.0,4.5625,6.6,139.281,0.0,7.2
2025-10-26 09:05:02,0.0,4.5625,6.6,139.281,0.0,7.2
2025-10-26 09:05:07,0.0,4.5625,6.6,139.281,0.0,7.2
2025-10-26 09:05:12,0.0,4.5625,6.6,139.281,0.0,7.3
2025-10-26 09:05:17,0.0,4.5625,6.6,139.281,0.0,7.4
2025-10-26 09:05:23,0.0,4.5625,6.6,139.281,0.0,7.3
2025-10-26 09:05:28,0.0,4.5625,6.6,139.281,0.0,7.3
2025-10-26 09:05:33,0.0,4.5625,6.6,139.281,0.0,7.3
2025-10-26 09:05:38,0.0,4.5625,6.6,139.281,0.0,7.2
2025-10-26 09:05:44,0.0,4.5625,6.6,139.281,0.0,7.3
2025-10-26 09:05:49,0.0,4.5625,6.6,139.281,33.3,7.3
2025-10-26 09:05:54,0.0,4.5625,6.6,139.281,0.0,7.3
2025-10-26 09:05:59,0.0,4.5625,6.5,139.281,0.0,7.4
2025-10-26 09:06:05,0.0,4.5625,6.5,139.281,0.0,7.4
2025-10-26 09:06:10,0.0,4.5625,6.5,139.281,0.0,7.5
2025-10-26 09:06:15,0.0,4.5625,6.5,139.281,33.3,7.3
2025-10-26 09:06:21,0.0,4.5625,6.5,139.281,0.0,7.3
2025-10-26 09:06:26,0.0,4.5625,6.5,139.281,0.0,7.3
2025-10-26 09:06:31,0.0,4.5625,6.5,139.281,0.0,7.2
2025-10-26 09:06:36,0.0,4.5625,6.5,139.281,0.0,7.2
2025-10-26 09:06:42,0.0,4.5625,6.5,139.281,0.0,7.2
2025-10-26 09:06:47,0.0,4.5625,6.5,139.281,0.0,7.3
2025-10-26 09:06:52,0.0,4.5625,6.5,139.281,0.0,7.3
2025-10-26 09:06:58,0.0,4.5625,6.5,139.281,50.0,7.2
2025-10-26 09:07:03,0.0,4.5625,6.5,139.281,0.0,7.2
2025-10-26 09:07:08,0.0,4.5625,6.5,139.281,33.3,7.3
2025-10-26 09:07:14,0.0,4.5625,6.5,139.281,0.0,7.4
2025-10-26 09:07:19,0.0,4.5625,6.5,139.281,0.0,7.2
2025-10-26 09:07:24,0.0,4.5625,6.5,139.281,0.0,7.4
2025-10-26 09:07:30,0.0,4.5625,6.5,139.281,0.0,7.4
2025-10-26 09:07:35,0.0,4.5625,6.5,139.281,0.0,7.3
2025-10-26 09:07:40,0.0,4.5625,6.5,139.281,0.0,7.3
2025-10-26 09:07:45,0.0,4.5625,6.5,139.281,0.0,7.2
2025-10-26 09:07:51,0.0,4.5625,6.5,139.281,0.0,7.1
2025-10-26 09:07:56,0.0,4.5625,6.5,139.281,0.0,7.3
2025-10-26 09:08:01,0.0,4.5625,6.5,139.281,33.3,7.3
2025-10-26 09:08:06,0.0,4.5625,6.5,139.281,0.0,7.3
2025-10-26 09:08:12,0.0,4.5625,6.5,139.281,50.0,7.2
2025-10-26 09:08:17,0.0,4.5625,6.5,139.281,0.0,7.3
2025-10-26 09:08:22,0.0,4.5625,6.5,139.281,0.0,7.3
2025-10-26 09:08:27,0.0,4.5625,6.5,139.281,0.0,7.2
2025-10-26 09:08:33,0.0,4.5625,6.5,139.281,0.0,7.2
2025-10-26 09:08:38,0.0,4.5625,6.5,139.281,0.0,7.3
2025-10-26 09:08:43,0.0,4.5625,6.5,139.281,0.0,7.3
2025-10-26 09:08:48,0.0,4.5625,6.5,139.281,0.0,7.3
2025-10-26 09:08:54,0.0,4.5625,6.5,139.281,0.0,7.2
2025-10-26 09:08:59,0.0,4.5625,6.5,139.281,0.0,7.2
2025-10-26 09:09:04,0.0,4.5625,6.5,139.281,0.0,7.3
2025-10-26 09:09:10,0.0,4.5625,6.5,139.281,0.0,7.3
2025-10-26 09:09:15,0.0,4.5625,6.5,139.281,33.3,7.3
2025-10-26 09:09:20,0.0,4.5625,6.5,139.281,0.0,7.3
2025-10-26 09:09:25,0.0,4.5625,6.5,139.281,0.0,7.3
2025-10-26 09:09:31,0.0,4.5625,6.5,139.281,0.0,7.2
2025-10-26 09:09:36,0.0,4.5625,6.5,139.281,0.0,7.3
2025-10-26 09:09:41,0.0,4.5625,6.5,139.281,0.0,7.3
2025-10-26 09:09:46,0.0,4.5625,6.5,139.281,50.0,7.3
2025-10-26 09:09:52,0.0,4.5625,6.5,139.281,20.0,7.2
2025-10-26 09:09:57,0.0,4.5625,6.5,139.281,0.0,7.3
2025-10-26 09:10:02,0.0,4.5625,6.5,139.281,0.0,7.4
2025-10-26 09:10:08,0.0,4.5625,6.5,139.281,0.0,7.4
2025-10-26 09:10:13,0.0,4.5625,6.5,139.281,0.0,7.3
2025-10-26 09:10:18,0.0,4.5625,6.5,139.281,0.0,7.3
2025-10-26 09:10:23,0.0,4.5625,6.5,139.281,33.3,7.2
2025-10-26 09:10:29,0.0,4.5625,6.5,139.281,0.0,7.3
2025-10-26 09:10:34,0.0,4.5625,6.5,139.281,0.0,7.3
2025-10-26 09:10:39,0.0,4.5625,6.5,139.281,us.,7.2
2025-10-26 09:10:45,0.0,4.5625,6.5,139.281,0.0,7.3
2025-10-26 09:10:50,0.0,4.5625,6.5,139.281,0.0,7.3
2025-10-26 09:10:55,0.0,4.5625,6.5,139.281,0.0,7.3
2025-10-26 09:11:00,0.0,4.5625,6.5,139.281,0.0,7.3
2025-10-26 09:11:06,0.0,4.5625,6.5,139.281,0.0,7.3
2025-10-26 09:11:11,0.0,4.5625,6.5,139.281,0.0,7.3
2025-10-26 09:11:16,0.0,4.5625,6.5,139.281,0.0,7.3
2025-10-26 09:11:21,0.0,4.5625,6.5,139.281,0.0,7.2
2025-10-26 09:11:27,0.0,4.5625,6.5,139.281,0.0,7.2
2025-10-26 09:11:32,0.0,4.5625,6.5,139.281,0.0,7.3
2025-10-26 09:11:37,0.0,4.5625,6.5,139.281,0.0,7.3
2025-10-26 09:11:43,0.0,4.5625,6.5,139.281,0.0,7.3
2025-10-26 09:11:48,0.0,4.5625,6.5,139.281,0.0,7.2
2025-10-26 09:11:53,0.0,4.5625,6.5,139.281,0.0,7.2
2025-10-26 09:11:58,0.0,4.5625,6.5,139.281,0.0,7.2
2025-10-26 09:12:04,0.0,4.5625,6.5,139.281,0.0,7.2
2025-10-26 09:12:09,0.0,4.5625,6.5,139.281,0.0,7.1
2025-10-26 09:12:14,0.0,4.5625,6.5,139.281,33.3,7.2
2025-10-26 09:12:20,0.0,4.5625,6.5,139.281,0.0,7.3
2025-10-26 09:12:28,0.0,4.5625,6.5,139.281,21.4,7.3
2025-10-26 09:12:35,0.0,4.5625,6.5,139.281,0.0,7.3
2025-10-26 09:12:40,0.0,4.5625,6.5,139.281,0.0,7.2
2025-10-26 09:12:45,0.0,4.5625,6.5,139.281,0.0,7.3
2025-10-26 09:12:51,0.0,4.5625,6.5,139.281,0.0,7.3
2025-10-26 09:12:56,0.0,4.5625,6.5,139.281,0.0,7.3
2025-10-26 09:13:01,0.0,4.5625,6.5,139.281,0.0,7.3
2025-10-26 09:13:07,0.0,4.5625,6.5,139.281,0.0,7.3
2025-10-26 09:13:12,0.0,4.5625,6.5,139.281,0.0,7.4
2025-10-26 09:13:17,0.0,4.5625,6.5,139.281,0.0,7.2
2025-10-26 09:13:22,0.0,4.5625,6.5,139.281,0.0,7.3
2025-10-26 09:13:28,0.0,4.5625,6.5,139.281,0.0,7.4
2025-10-26 09:13:33,0.0,4.5625,6.5,139.281,0.0,7.3
2025-10-26 09:13:38,0.0,4.5625,6.5,139.281,33.3,7.3
2025-10-26 09:13:44,0.0,4.5625,6.5,139.281,0.0,7.2
2025-10-26 09:13:49,0.0,4.5625,6.5,139.281,50.0,7.2
2025-10-26 09:13:54,0.0,4.5625,6.5,139.281,33.3,7.2
2025-10-26 09:13:59,0.0,4.5625,6.5,139.281,0.0,7.3
2025-10-26 09:14:05,0.0,4.5625,6.5,139.281,33.3,7.3
2025-10-26 09:14:10,0.0,4.5625,6.5,139.281,0.0,7.3
2025-10-26 09:14:15,0.0,4.5625,6.5,139.281,0.0,7.3
2025-10-26 09:14:20,0.0,4.5625,6.5,139.281,0.0,7.4
2025-10-26 09:14:26,0.0,4.5625,6.5,139.281,0.0,7.4
2025-10-26 09:14:31,0.0,4.5625,6.5,139.281,0.0,7.2
2025-10-26 09:14:36,0.0,4.5625,6.5,139.281,0.0,7.2
2025-10-26 09:14:41,0.0,4.5625,6.5,139.281,0.0,7.2
2025-10-26 09:14:47,0.0,4.5625,6.5,139.281,0.0,7.2
2025-10-26 09:14:52,0.0,4.5625,6.5,139.281,0.0,7.4
2025-10-26 09:14:57,0.0,4.5625,6.5,139.281,0.0,7.3
2025-10-26 09:15:03,0.0,4.5625,6.5,139.281,0.0,7.3
2025-10-26 09:15:08,0.0,4.5625,6.6,139.281,0.0,7.3
2025-10-26 09:15:13,0.0,4.5625,6.6,139.281,0.0,7.3
2025-10-26 09:15:18,0.0,4.5625,6.6,139.281,0.0,7.3
2025-10-26 09:15:24,0.0,4.5625,6.6,139.281,0.0,7.3
2025-10-26 09:15:29,0.0,4.5625,6.6,139.281,0.0,7.3
2025-10-26 09:15:34,0.0,4.5625,6.6,139.281,0.0,7.4
2025-10-26 09:15:39,0.0,4.5625,6.6,139.281,0.0,7.3
2025-10-26 09:15:45,0.0,4.5625,6.6,139.281,0.0,7.2
2025-10-26 09:15:50,0.0,4.5625,6.6,139.281,0.0,7.2
2025-10-26 09:15:55,0.0,4.5625,6.6,139.281,0.0,7.3
2025-10-26 09:16:00,0.0,4.5625,6.6,139.281,0.0,7.2
2025-10-26 09:16:06,0.0,4.5625,6.6,139.281,0.0,7.3
2025-10-26 09:16:11,0.0,4.5625,6.6,139.281,0.0,7.3
2025-10-26 09:16:16,0.0,4.5625,6.6,139.281,0.0,7.3
2025-10-26 09:16:21,0.0,4.5625,6.6,139.281,33.3,7.3
2025-10-26 09:16:27,0.0,4.5625,6.6,139.281,0.0,7.2
2025-10-26 09:16:32,0.0,4.5625,6.6,139.281,0.0,7.2
2025-10-26 09:16:37,0.0,4.5625,6.6,139.281,0.0,7.3
2025-10-26 09:16:42,0.0,4.5625,6.6,139.281,0.0,7.3
2025-10-26 09:16:48,0.0,4.5625,6.6,139.281,0.0,7.4
2025-10-26 09:16:53,0.0,4.5625,6.6,139.281,0.0,7.4
2025-10-26 09:16:58,0.0,4.5625,6.6,139.281,0.0,7.3
2025-10-26 09:17:03,0.0,4.5625,6.6,139.281,0.0,7.3
2025-10-26 09:17:09,0.0,4.5625,6.6,139.281,0.0,7.2
2025-10-26 09:17:14,0.0,4.5625,6.6,139.281,0.0,7.4
2025-10-26 09:17:19,0.0,4.5625,6.6,139.281,0.0,7.3
2025-10-26 09:17:25,0.0,4.5625,6.6,139.281,0.0,7.3
2025-10-26 09:17:30,0.0,4.5625,6.6,139.281,0.0,7.4
2025-10-26 09:17:35,0.0,4.5625,6.6,139.281,0.0,7.4
2025-10-26 09:17:40,0.0,4.5625,6.6,139.281,33.3,7.4
2025-10-26 09:17:46,0.0,4.5625,6.6,139.281,0.0,7.3
2025-10-26 09:17:51,0.0,4.5625,6.6,139.281,0.0,7.3
2025-10-26 09:17:57,0.0,4.5625,6.6,139.281,0.0,7.3
2025-10-26 09:18:02,0.0,4.5625,6.6,139.281,0.0,7.3
2025-10-26 09:18:07,0.0,4.5625,6.6,139.281,25.0,7.3
2025-10-26 09:18:12,0.0,4.5625,6.6,139.281,0.0,7.3
2025-10-26 09:18:18,0.0,4.5625,6.6,139.281,0.0,7.3
2025-10-26 09:18:23,0.0,4.5625,6.6,139.281,0.0,7.4
2025-10-26 09:18:28,0.0,4.5625,6.6,139.281,0.0,7.3
2025-10-26 09:18:33,0.0,4.5625,6.6,139.281,0.0,7.3
2025-10-26 09:18:39,0.0,4.5625,6.6,139.281,0.0,7.3
2025-10-26 09:18:44,0.0,4.5625,6.6,139.281,33.3,7.3
2025-10-26 09:18:49,0.0,4.5625,6.6,139.281,0.0,7.3
2025-10-26 09:18:55,0.0,4.5625,6.6,139.281,0.0,7.3
2025-10-26 09:19:00,0.0,4.5625,6.6,139.281,0.0,7.3
2025-10-26 09:19:05,0.0,4.5625,6.6,139.281,0.0,7.3
2025-10-26 09:19:10,0.0,4.5625,6.6,139.281,0.0,7.3
2025-10-26 09:19:16,0.0,4.5625,6.6,139.281,0.0,7.4
2025-10-26 09:19:21,0.0,4.5625,6.6,139.281,0.0,7.3
2025-10-26 09:19:26,0.0,4.5625,6.6,139.281,0.0,7.2
2025-10-26 09:19:31,0.0,4.5625,6.6,139.281,0.0,7.4
2025-10-26 09:19:37,0.0,4.5625,6.5,139.281,0.0,7.3
2025-10-26 09:19:42,0.0,4.5625,6.5,139.281,0.0,7.3
2025-10-26 09:19:47,0.0,4.5625,6.5,139.281,0.0,7.3
2025-10-26 09:19:53,0.0,4.5625,6.5,139.281,0.0,7.3
2025-10-26 09:19:58,0.0,4.5625,6.5,139.281,0.0,7.3
2025-10-26 09:20:03,0.0,4.5625,6.5,139.281,0.0,7.3
2025-10-26 09:20:08,0.0,4.5625,6.6,139.281,0.0,7.3
2025-10-26 09:20:14,0.0,4.5625,6.6,139.281,0.0,7.4
2025-10-26 09:20:19,0.0,4.5625,6.6,139.281,0.0,7.5
2025-10-26 09:20:24,0.0,4.5625,6.6,139.281,33.3,7.3
2025-10-26 09:20:30,0.0,4.5625,6.6,139.281,0.0,7.3
2025-10-26 09:20:35,0.0,4.5625,6.6,139.281,50.0,7.3
2025-10-26 09:20:40,0.0,4.5625,6.6,139.281,0.0,7.4
2025-10-26 09:20:45,0.0,4.5625,6.6,139.281,33.3,7.3
2025-10-26 09:20:51,0.0,4.5625,6.6,139.281,55.6,7.5
2025-10-26 09:20:56,0.0,4.5625,6.6,139.281,0.0,7.3
2025-10-26 09:21:01,0.0,4.5625,6.6,139.281,0.0,7.3
2025-10-26 09:21:07,0.0,4.5625,6.6,139.281,0.0,7.3
2025-10-26 09:21:12,0.0,4.5625,6.6,139.281,33.3,7.4
2025-10-26 09:21:17,0.0,4.5625,6.6,139.281,0.0,7.3
2025-10-26 09:21:22,0.0,4.5625,6.6,139.281,0.0,7.3
2025-10-26 09:21:28,0.0,4.5625,6.6,139.281,0.0,7.2
2025-10-26 09:21:33,0.0,4.5625,6.6,139.281,0.0,7.4
2025-10-26 09:21:38,0.0,4.5625,6.6,139.281,0.0,7.3
2025-10-26 09:21:44,0.0,4.5625,6.6,139.281,0.0,7.3
2025-10-26 09:21:49,0.0,4.5625,6.6,139.281,50.0,7.3
2025-10-26 09:21:54,0.0,4.5625,6.6,139.281,0.0,7.3
2025-10-26 09:21:59,0.0,4.5625,6.6,139.281,0.0,7.3
2025-10-26 09:22:05,0.0,4.5625,6.6,139.281,0.0,7.4
2025-10-26 09:22:10,0.0,4.5625,6.6,139.281,0.0,7.4
2025-10-26 09:22:15,0.0,4.5625,6.6,139.281,0.0,7.4
2025-10-26 09:22:20,0.0,4.5625,6.6,139.281,0.0,7.4
2025-10-26 09:22:26,0.0,4.5625,6.6,139.281,0.0,7.3
2025-10-26 09:22:31,0.0,4.5625,6.6,139.281,0.0,7.3
2025-10-26 09:22:36,0.0,4.5625,6.6,139.281,0.0,7.3
2025-10-26 09:22:41,0.0,4.5625,6.6,139.281,0.0,7.3
2025-10-26 09:22:47,0.0,4.5625,6.6,139.281,0.0,7.4
2025-10-26 09:22:52,0.0,4.5625,6.6,139.281,0.0,7.4
2025-10-26 09:22:57,0.0,4.5625,6.6,139.281,0.0,7.4
2025-10-26 09:23:02,0.0,4.5625,6.6,139.281,0.0,7.4
2025-10-26 09:23:08,0.0,4.5625,6.6,139.281,0.0,7.4
2025-10-26 09:23:13,0.0,4.5625,6.6,139.281,0.0,7.4
2025-10-26 09:23:18,0.0,4.5625,6.6,139.281,0.0,7.2
2025-10-26 09:23:24,0.0,4.5625,6.6,139.281,0.0,7.3
2025-10-26 09:23:29,0.0,4.5625,6.6,139.281,0.0,7.3
2025-10-26 09:23:34,0.0,4.5625,6.6,139.281,0.0,7.3
2025-10-26 09:23:39,0.0,4.5625,6.6,139.281,0.0,7.3
2025-10-26 09:23:45,0.0,4.5625,6.6,139.281,0.0,7.3
2025-10-26 09:23:50,0.0,4.5625,6.6,139.281,0.0,7.4
2025-10-26 09:23:55,0.0,4.5625,6.6,139.281,0.0,7.4
2025-10-26 09:24:00,0.0,4.5625,6.6,139.281,0.0,7.3
2025-10-26 09:24:06,0.0,4.5625,6.6,139.281,0.0,7.3
2025-10-26 09:24:11,0.0,4.5625,6.6,139.281,0.0,7.3
2025-10-26 09:24:16,0.0,4.5625,6.6,139.281,0.0,7.2
2025-10-26 09:24:22,0.0,4.5625,6.6,139.281,0.0,7.4
2025-10-26 09:24:27,0.0,4.5625,6.6,139.281,0.0,7.3
2025-10-26 09:24:32,0.0,4.5625,6.6,139.281,0.0,7.4
2025-10-26 09:24:37,0.0,4.5625,6.6,139.281,0.0,7.3
2025-10-26 09:24:43,0.0,4.5625,6.6,139.281,33.3,7.3
2025-10-26 09:24:48,0.0,4.5625,6.6,139.281,0.0,7.4
2025-10-26 09:24:53,0.0,4.5625,6.6,139.281,0.0,7.3
2025-10-26 09:24:59,0.0,4.5625,6.6,139.281,0.0,7.3
2025-10-26 09:25:04,0.0,4.5625,6.6,139.281,0.0,7.3
2025-10-26 09:25:09,0.0,4.5625,6.6,139.281,20.0,7.4
2025-10-26 09:25:15,0.0,4.5625,6.6,139.281,0.0,7.4
2025-10-26 09:25:20,0.0,4.5625,6.6,139.281,0.0,7.3
2025-10-26 09:25:25,0.0,4.5625,6.6,139.281,0.0,7.3
2025-10-26 09:25:30,0.0,4.5625,6.6,139.281,0.0,7.3
2025-10-26 09:25:36,0.0,4.5625,6.6,139.281,0.0,7.3
2025-10-26 09:25:41,0.0,4.5625,6.6,139.281,0.0,7.3
2025-10-26 09:25:46,0.0,4.5625,6.6,139.281,0.0,7.3
2025-10-26 09:25:52,0.0,4.5625,6.6,139.281,0.0,7.3
2025-10-26 09:25:57,0.0,4.5625,6.6,139.281,0.0,7.3
2025-10-26 09:26:02,0.0,4.5625,6.6,139.281,0.0,7.4
2025-10-26 09:26:07,0.0,4.5625,6.6,139.281,0.0,7.4
2025-10-26 09:26:13,0.0,4.5625,6.6,139.281,0.0,7.4
2025-10-26 09:26:18,0.0,4.5625,6.6,139.281,0.0,7.4
2025-10-26 09:26:23,0.0,4.5625,6.6,139.281,0.0,7.4
2025-10-26 09:26:28,0.0,4.5625,6.6,139.281,0.0,7.2
2025-10-26 09:26:34,0.0,4.5625,6.6,139.281,0.0,7.4
2025-10-26 09:26:39,0.0,4.5625,6.6,139.281,0.0,7.3
2025-10-26 09:26:44,0.0,4.5625,6.6,139.281,0.0,7.3
2025-10-26 09:26:49,0.0,4.5625,6.6,139.281,0.0,7.3
2025-10-26 09:26:55,0.0,4.5625,6.6,139.281,0.0,7.3
2025-10-26 09:27:00,0.0,4.5625,6.6,139.281,0.0,7.3
2025-10-26 09:27:05,0.0,4.5625,6.6,139.281,50.0,7.3
2025-10-26 09:27:10,0.0,4.5625,6.6,139.281,0.0,7.3
2025-10-26 09:27:16,0.0,4.5625,6.6,139.281,0.0,7.3
2025-10-26 09:27:21,0.0,4.5625,6.6,139.281,0.0,7.3
2025-10-26 09:27:26,0.0,4.5625,6.6,139.281,0.0,7.4
2025-10-26 09:27:31,0.0,4.5625,6.6,139.281,0.0,7.4
2025-10-26 09:27:37,0.0,4.5625,6.6,139.281,33.3,7.4
2025-10-26 09:27:42,0.0,4.5625,6.6,139.281,0.0,7.4
2025-10-26 09:27:47,0.0,4.5625,6.6,139.281,0.0,7.4
2025-10-26 09:27:53,0.0,4.5625,6.6,139.281,0.0,7.4
2025-10-26 09:27:58,0.0,4.5625,6.6,139.281,0.0,7.3
2025-10-26 09:28:03,0.0,4.5625,6.6,139.281,0.0,7.2
2025-10-26 09:28:08,0.0,4.5625,6.6,139.281,0.0,7.4
2025-10-26 09:28:14,0.0,4.5625,6.6,139.281,0.0,7.4
2025-10-26 09:28:19,0.0,4.5625,6.6,139.281,0.0,7.2
2025-10-26 09:28:24,0.0,4.5625,6.6,139.281,0.0,7.2
2025-10-26 09:28:29,0.0,4.5625,6.6,139.281,0.0,7.3
2025-10-26 09:28:35,0.0,4.5625,6.6,139.281,0.0,7.3
2025-10-26 09:28:40,0.0,4.5625,6.6,139.281,0.0,7.3
2025-10-26 09:28:45,0.0,4.5625,6.6,139.281,50.0,7.4
2025-10-26 09:28:50,0.0,4.5625,6.6,139.281,0.0,7.3
2025-10-26 09:28:56,0.0,4.5625,6.6,139.281,0.0,7.4
2025-10-26 09:29:01,0.0,4.5625,6.6,139.281,0.0,7.3
2025-10-26 09:29:06,0.0,4.5625,6.6,139.281,0.0,7.3
2025-10-26 09:29:12,0.0,4.5625,6.6,139.281,0.0,7.3
2025-10-26 09:29:17,0.0,4.5625,6.6,139.281,33.3,7.2
2025-10-26 09:29:22,0.0,4.5625,6.6,139.281,33.3,7.3
2025-10-26 09:29:28,0.0,4.5625,6.6,139.281,0.0,7.4
2025-10-26 09:29:33,0.0,4.5625,6.6,139.281,0.0,7.3
2025-10-26 09:29:38,0.0,4.5625,6.6,139.281,0.0,7.3
2025-10-26 09:29:44,0.0,4.5625,6.6,139.281,0.0,7.4
2025-10-26 09:29:49,0.0,4.5625,6.6,139.281,0.0,7.3
2025-10-26 09:29:54,0.0,4.5625,6.6,139.281,0.0,7.4
2025-10-26 09:29:59,0.0,4.5625,6.6,139.281,25.0,7.3
2025-10-26 09:30:05,0.0,4.5625,6.6,139.281,0.0,7.3
2025-10-26 09:30:10,0.0,4.5625,6.6,139.281,0.0,7.3
2025-10-26 09:30:15,0.0,4.5625,6.6,139.281,33.3,7.3
2025-10-26 09:30:20,0.0,4.5625,6.6,139.281,0.0,7.3
2025-10-26 09:30:26,0.0,4.5625,6.6,139.281,0.0,7.3
2025-10-26 09:30:31,0.0,4.5625,6.6,139.281,0.0,7.3
2025-10-26 09:30:36,0.0,4.5625,6.6,139.281,0.0,7.4
2025-10-26 09:30:41,0.0,4.5625,6.6,139.281,0.0,7.3
2025-10-26 09:30:47,0.0,4.5625,6.6,139.281,0.0,7.3
2025-10-26 09:30:52,0.0,4.5625,6.6,139.281,0.0,7.3
2025-10-26 09:30:57,0.0,4.5625,6.6,139.281,0.0,7.2
2025-10-26 09:31:02,0.0,4.5625,6.6,139.281,0.0,7.4
2025-10-26 09:31:08,0.0,4.5625,6.6,139.281,33.3,7.3
2025-10-26 09:31:13,0.0,4.5625,6.6,139.281,0.0,7.3
2025-10-26 09:31:18,0.0,4.5625,6.6,139.281,0.0,7.3
2025-10-26 09:31:24,0.0,4.5625,6.6,139.281,0.0,7.3
2025-10-26 09:31:29,0.0,4.5625,6.6,139.281,0.0,7.3
2025-10-26 09:31:35,0.0,4.5625,6.6,139.281,0.0,7.3
2025-10-26 09:31:48,0.0,4.5625,6.6,139.281,33.3,7.4
2025-10-26 09:31:55,0.0,4.5625,6.6,139.281,0.0,7.4
2025-10-26 09:32:00,0.0,4.5625,6.6,139.281,0.0,7.4
2025-10-26 09:32:05,0.0,4.5625,6.6,139.281,0.0,7.3
2025-10-26 09:32:11,0.0,4.5625,6.6,139.281,0.0,7.3
2025-10-26 09:32:16,0.0,4.5625,6.6,139.281,0.0,7.3
2025-10-26 09:32:21,0.0,4.5625,6.6,139.281,0.0,7.3
2025-10-26 09:32:27,0.0,4.5625,6.6,139.281,0.0,7.4
2025-10-26 09:32:32,0.0,4.5625,6.6,139.281,0.0,7.4
2025-10-26 09:32:37,0.0,4.5625,6.6,139.281,0.0,7.3
2025-10-26 09:32:42,0.0,4.5625,6.6,139.281,0.0,7.2
2025-10-26 09:32:48,0.0,4.5625,6.6,139.281,0.0,7.2
2025-10-26 09:32:53,0.0,4.5625,6.6,139.281,50.0,7.3
2025-10-26 09:32:58,0.0,4.5625,6.6,139.281,0.0,7.3
2025-10-26 09:33:04,0.0,4.5625,6.6,139.281,0.0,7.3
2025-10-26 09:33:09,0.0,4.5625,6.6,139.281,0.0,7.4
2025-10-26 09:33:14,0.0,4.5625,6.6,139.281,0.0,7.4
2025-10-26 09:33:19,0.0,4.5625,6.6,139.281,0.0,7.3
2025-10-26 09:33:25,0.0,4.5625,6.6,139.281,0.0,7.3
2025-10-26 09:33:30,0.0,4.5625,6.6,139.281,0.0,7.3
2025-10-26 09:33:35,0.0,4.5625,6.6,139.281,0.0,7.4
2025-10-26 09:33:41,0.0,4.5625,6.6,139.281,33.3,7.4
2025-10-26 09:33:49,0.0,4.5625,6.6,139.281,10.0,7.4
2025-10-26 09:33:57,0.0,4.5625,6.6,139.281,0.0,7.3
2025-10-26 09:34:03,0.0,4.5625,6.6,139.281,0.0,7.3
2025-10-26 09:34:08,0.0,4.5625,6.6,139.281,0.0,7.3
2025-10-26 09:34:13,0.0,4.5625,6.6,139.281,0.0,7.3
2025-10-26 09:34:18,0.0,4.5625,6.6,139.281,0.0,7.3
2025-10-26 09:34:24,0.0,4.5625,6.6,139.281,0.0,7.4
2025-10-26 09:34:29,0.0,4.5625,6.6,139.281,0.0,7.4
2025-10-26 09:34:34,0.0,4.5625,6.6,139.281,0.0,7.3
2025-10-26 09:34:39,0.0,4.5625,6.6,139.281,0.0,7.2
2025-10-26 09:34:45,0.0,4.5625,6.6,139.281,33.3,7.3
2025-10-26 09:34:50,0.0,4.5625,6.6,139.281,50.0,7.3
2025-10-26 09:34:55,0.0,4.5625,6.6,139.281,0.0,7.3
2025-10-26 09:35:01,0.0,4.5625,6.6,139.281,0.0,7.3
2025-10-26 09:35:06,0.0,4.5625,6.6,139.281,0.0,7.4
2025-10-26 09:35:11,0.0,4.5625,6.6,139.281,0.0,7.4
2025-10-26 09:35:16,0.0,4.5625,6.6,139.281,0.0,7.3
2025-10-26 09:35:22,0.0,4.5625,6.6,139.281,0.0,7.3
2025-10-26 09:35:27,0.0,4.5625,6.6,139.281,0.0,7.3
2025-10-26 09:35:32,0.0,4.5625,6.6,139.281,0.0,7.4
2025-10-26 09:35:37,0.0,4.5625,6.6,139.281,0.0,7.3
2025-10-26 09:35:43,0.0,4.5625,6.6,139.281,0.0,7.3
2025-10-26 09:35:48,0.0,4.5625,6.6,139.281,50.0,7.3
2025-10-26 09:35:53,0.0,4.5625,6.6,139.281,0.0,7.3
2025-10-26 09:35:58,0.0,4.5625,6.6,139.281,0.0,7.3
2025-10-26 09:36:04,0.0,4.5625,6.6,139.281,0.0,7.3
2025-10-26 09:36:09,0.0,4.5625,6.6,139.281,0.0,7.4
2025-10-26 09:36:14,0.0,4.5625,6.6,139.281,0.0,7.2
2025-10-26 09:36:19,0.0,4.5625,6.6,139.281,0.0,7.3
2025-10-26 09:36:25,0.0,4.5625,6.7,139.281,0.0,7.5
2025-10-26 09:36:30,0.0,4.5625,6.7,139.281,0.0,7.3
2025-10-26 09:36:35,0.0,4.5625,6.7,139.281,0.0,7.6
2025-10-26 09:36:41,0.0,4.5625,6.7,139.281,0.0,7.3
2025-10-26 09:36:46,0.0,4.5625,6.7,139.281,33.3,7.3
2025-10-26 09:36:51,0.0,4.5625,6.7,139.281,0.0,7.3
2025-10-26 09:36:57,0.0,4.5625,6.7,139.281,0.0,7.3
2025-10-26 09:37:02,0.0,4.5625,6.7,139.281,0.0,7.3
2025-10-26 09:37:07,0.0,4.5625,6.7,139.281,0.0,7.4
2025-10-26 09:37:12,0.0,4.5625,6.7,139.281,0.0,7.3
2025-10-26 09:37:18,0.0,4.5625,6.7,139.281,0.0,7.4
2025-10-26 09:37:23,0.0,4.5625,6.7,139.281,0.0,7.4
2025-10-26 09:37:28,0.0,4.5625,6.7,139.281,0.0,7.4
2025-10-26 09:37:33,0.0,4.5625,6.7,139.281,0.0,7.4
2025-10-26 09:37:39,0.0,4.5625,6.7,139.281,0.0,7.4
2025-10-26 09:37:44,0.0,4.5625,6.7,139.281,0.0,7.3
2025-10-26 09:37:49,0.0,4.5625,6.7,139.281,0.0,7.4
2025-10-26 09:37:54,0.0,4.5625,6.7,139.281,0.0,7.4
2025-10-26 09:38:00,0.0,4.5625,6.7,139.281,0.0,7.3
2025-10-26 09:38:05,0.0,4.5625,6.7,139.281,0.0,7.3
2025-10-26 09:38:10,0.0,4.5625,6.7,139.281,0.0,7.3
2025-10-26 09:38:16,0.0,4.5625,6.7,139.281,0.0,7.4
2025-10-26 09:38:21,0.0,4.5625,6.7,139.281,33.3,7.3
2025-10-26 09:38:26,0.0,4.5625,6.7,139.281,0.0,7.3
2025-10-26 09:38:31,0.0,4.5625,6.7,139.281,0.0,7.4
2025-10-26 09:38:37,0.0,4.5625,6.7,139.281,0.0,7.4
2025-10-26 09:38:42,0.0,4.5625,6.7,139.281,0.0,7.4
2025-10-26 09:38:47,0.0,4.5625,6.7,139.281,0.0,7.4
2025-10-26 09:38:52,0.0,4.5625,6.7,139.281,0.0,7.3
2025-10-26 09:38:58,0.0,4.5625,6.7,139.281,33.3,7.3
2025-10-26 09:39:03,0.0,4.5625,6.7,139.281,0.0,7.2
2025-10-26 09:39:08,0.0,4.5625,6.7,139.281,0.0,7.2
2025-10-26 09:39:14,0.0,4.5625,6.7,139.281,0.0,7.3
2025-10-26 09:39:19,0.0,4.5625,6.7,139.281,0.0,7.3
2025-10-26 09:39:24,0.0,4.5625,6.7,139.281,0.0,7.4
2025-10-26 09:39:29,0.0,4.5625,6.7,139.281,0.0,7.4
2025-10-26 09:39:35,0.0,4.5625,6.7,139.281,0.0,7.3
2025-10-26 09:39:40,0.0,4.5625,6.7,139.281,0.0,7.4
2025-10-26 09:39:45,0.0,4.5625,6.7,139.281,0.0,7.4
2025-10-26 09:39:50,0.0,4.5625,6.7,139.281,0.0,7.4
2025-10-26 09:39:56,0.0,4.5625,6.7,139.281,0.0,7.3
2025-10-26 09:40:01,0.0,4.5625,6.7,139.281,0.0,7.4
2025-10-26 09:40:06,0.0,4.5625,6.7,139.281,50.0,7.4
2025-10-26 09:40:11,0.0,4.5625,6.7,139.281,33.3,7.4
2025-10-26 09:40:17,0.0,4.5625,6.7,139.281,0.0,7.3
2025-10-26 09:40:22,0.0,4.5625,6.7,139.281,0.0,7.4
2025-10-26 09:40:27,0.0,4.5625,6.7,139.281,0.0,7.4
2025-10-26 09:40:32,0.0,4.5625,6.7,139.281,50.0,7.4
2025-10-26 09:40:38,0.0,4.5625,6.7,139.281,0.0,7.4
2025-10-26 09:40:43,0.0,4.5625,6.7,139.281,0.0,7.4
2025-10-26 09:40:48,0.0,4.5625,6.7,139.281,33.3,7.3
2025-10-26 09:40:53,0.0,4.5625,6.7,139.281,0.0,7.3
2025-10-26 09:40:59,0.0,4.5625,6.7,139.281,0.0,7.3
2025-10-26 09:41:04,0.0,4.5625,6.7,139.281,0.0,7.3
2025-10-26 09:41:09,0.0,4.5625,6.7,139.281,0.0,7.2
2025-10-26 09:41:14,0.0,4.5625,6.7,139.281,0.0,7.3
2025-10-26 09:41:20,0.0,4.5625,6.7,139.281,0.0,7.5
2025-10-26 09:41:25,0.0,4.5625,6.7,139.281,0.0,7.4
2025-10-26 09:41:30,0.0,4.5625,6.7,139.281,0.0,7.3
2025-10-26 09:41:36,0.0,4.5625,6.7,139.281,0.0,7.3
2025-10-26 09:41:41,0.0,4.5625,6.7,139.281,0.0,7.3
2025-10-26 09:41:46,0.0,4.5625,6.7,139.281,0.0,7.4
2025-10-26 09:41:51,0.0,4.5625,6.7,139.281,0.0,7.4
2025-10-26 09:41:57,0.0,4.5625,6.7,139.281,0.0,7.3
2025-10-26 09:42:02,0.0,4.5625,6.7,139.281,0.0,7.2
2025-10-26 09:42:07,0.0,4.5625,6.7,139.281,0.0,7.4
2025-10-26 09:42:12,0.0,4.5625,6.7,139.281,0.0,7.4
2025-10-26 09:42:18,0.0,4.5625,6.7,139.281,0.0,7.3
2025-10-26 09:42:23,0.0,4.5625,6.7,139.281,0.0,7.3
2025-10-26 09:42:28,0.0,4.5625,6.7,139.281,0.0,7.3
2025-10-26 09:42:33,0.0,4.5625,6.7,139.281,0.0,7.3
2025-10-26 09:42:39,0.0,4.5625,6.7,139.281,0.0,7.4
2025-10-26 09:42:44,0.0,4.5625,6.7,139.281,25.0,7.3
2025-10-26 09:42:49,0.0,4.5625,6.7,139.281,0.0,7.2
2025-10-26 09:42:55,0.0,4.5625,6.7,139.281,0.0,7.3
2025-10-26 09:43:00,0.0,4.5625,6.7,139.281,0.0,7.4
2025-10-26 09:43:05,0.0,4.5625,6.7,139.281,0.0,7.4
2025-10-26 09:43:10,0.0,4.5625,6.7,139.281,33.3,7.3
2025-10-26 09:43:16,0.0,4.5625,6.7,139.281,0.0,7.4
2025-10-26 09:43:21,0.0,4.5625,6.7,139.281,0.0,7.5
2025-10-26 09:43:26,0.0,4.5625,6.7,139.281,33.3,7.3
2025-10-26 09:43:31,0.0,4.5625,6.7,139.281,50.0,7.4
2025-10-26 09:43:37,0.0,4.5625,6.7,139.281,0.0,7.4
2025-10-26 09:43:42,0.0,4.5625,6.7,139.281,25.0,7.3
2025-10-26 09:43:47,0.0,4.5625,6.7,139.281,0.0,7.3
2025-10-26 09:43:52,0.0,4.5625,6.7,139.281,0.0,7.3
2025-10-26 09:43:58,0.0,4.5625,6.7,139.281,33.3,7.3
2025-10-26 09:44:03,0.0,4.5625,6.7,139.281,0.0,7.2
2025-10-26 09:44:08,0.0,4.5625,6.7,139.281,0.0,7.3
2025-10-26 09:44:13,0.0,4.5625,6.7,139.281,0.0,7.3
2025-10-26 09:44:19,0.0,4.5625,6.7,139.281,0.0,7.3
2025-10-26 09:44:24,0.0,4.5625,6.7,139.281,0.0,7.5
2025-10-26 09:44:29,0.0,4.5625,6.7,139.281,0.0,7.5
2025-10-26 09:44:35,0.0,4.5625,6.7,139.281,0.0,7.2
2025-10-26 09:44:40,0.0,4.5625,6.7,139.281,0.0,7.2
2025-10-26 09:44:45,0.0,4.5625,6.7,139.281,0.0,7.4
2025-10-26 09:44:50,0.0,4.5625,6.7,139.281,0.0,7.5
2025-10-26 09:44:56,0.0,4.5625,6.7,139.281,0.0,7.4
2025-10-26 09:45:01,0.0,4.5625,6.7,139.281,0.0,7.4
2025-10-26 09:45:06,0.0,4.5625,6.7,139.281,0.0,7.3
2025-10-26 09:45:11,0.0,4.5625,6.7,139.281,0.0,7.3
2025-10-26 09:45:17,0.0,4.5625,6.7,139.281,0.0,7.3
2025-10-26 09:45:22,0.0,4.5625,6.7,139.281,33.3,7.3
2025-10-26 09:45:27,0.0,4.5625,6.7,139.281,0.0,7.3
2025-10-26 09:45:33,0.0,4.5625,6.7,139.281,0.0,7.4
2025-10-26 09:45:38,0.0,4.5625,6.7,139.281,0.0,7.3
2025-10-26 09:45:43,0.0,4.5625,6.7,139.281,33.3,7.4
2025-10-26 09:45:48,0.0,4.5625,6.7,139.281,0.0,7.3
2025-10-26 09:45:54,0.0,4.5625,6.7,139.281,0.0,7.3
2025-10-26 09:45:59,0.0,4.5625,6.7,139.281,0.0,7.3
2025-10-26 09:46:04,0.0,4.5625,6.7,139.281,0.0,7.4
2025-10-26 09:46:09,0.0,4.5625,6.7,139.281,0.0,7.3
2025-10-26 09:46:15,0.0,4.5625,6.7,139.281,0.0,7.3
2025-10-26 09:46:20,0.0,4.5625,6.7,139.281,0.0,7.4
2025-10-26 09:46:25,0.0,4.5625,6.7,139.281,0.0,7.4
2025-10-26 09:46:30,0.0,4.5625,6.7,139.281,0.0,7.4
2025-10-26 09:46:36,0.0,4.5625,6.7,139.281,0.0,7.3
2025-10-26 09:46:41,0.0,4.5625,6.7,139.281,0.0,7.4
2025-10-26 09:46:46,0.0,4.5625,6.7,139.281,0.0,7.3
2025-10-26 09:46:51,0.0,4.5625,6.7,139.281,25.0,7.4
2025-10-26 09:46:57,0.0,4.5625,6.7,139.281,0.0,7.4
2025-10-26 09:47:02,0.0,4.5625,6.7,139.281,0.0,7.5
2025-10-26 09:47:07,0.0,4.5625,6.7,139.281,0.0,7.5
2025-10-26 09:47:13,0.0,4.5625,6.7,139.281,0.0,7.4
2025-10-26 09:47:18,0.0,4.5625,6.7,139.281,0.0,7.3
2025-10-26 09:47:23,0.0,4.5625,6.7,139.281,0.0,7.4
2025-10-26 09:47:28,0.0,4.5625,6.7,139.281,0.0,7.4
2025-10-26 09:47:34,0.0,4.5625,6.7,139.281,0.0,7.4
2025-10-26 09:47:39,0.0,4.5625,6.7,139.281,0.0,7.4
2025-10-26 09:47:44,0.0,4.5625,6.7,139.281,0.0,7.3
2025-10-26 09:47:50,0.0,4.5625,6.7,139.281,0.0,7.3
2025-10-26 09:47:55,0.0,4.5625,6.7,139.281,0.0,7.4
2025-10-26 09:48:00,0.0,4.5625,6.7,139.281,0.0,7.4
2025-10-26 09:48:05,0.0,4.5625,6.7,139.281,50.0,7.3
2025-10-26 09:48:11,0.0,4.5625,6.7,139.281,50.0,7.3
2025-10-26 09:48:16,0.0,4.5625,6.7,139.281,0.0,7.3
2025-10-26 09:48:21,0.0,4.5625,6.7,139.281,33.3,7.3
2025-10-26 09:48:26,0.0,4.5625,6.7,139.281,0.0,7.3
2025-10-26 09:48:32,0.0,4.5625,6.7,139.281,0.0,7.4
2025-10-26 09:48:37,0.0,4.5625,6.7,139.281,0.0,7.3
2025-10-26 09:48:42,0.0,4.5625,6.7,139.281,0.0,7.3
2025-10-26 09:48:48,0.0,4.5625,6.7,139.281,0.0,7.3
2025-10-26 09:48:53,0.0,4.5625,6.7,139.281,50.0,7.5
2025-10-26 09:48:58,0.0,4.5625,6.7,139.281,33.3,7.3
2025-10-26 09:49:04,0.0,4.5625,6.7,139.281,0.0,7.4
2025-10-26 09:49:09,0.0,4.5625,6.7,139.281,0.0,7.4
2025-10-26 09:49:14,0.0,4.5625,6.7,139.281,0.0,7.3
2025-10-26 09:49:20,0.0,4.5625,6.7,139.281,0.0,7.3
2025-10-26 09:49:25,0.0,4.5625,6.7,139.281,0.0,7.3
2025-10-26 09:49:30,0.0,4.5625,6.7,139.281,0.0,7.2
2025-10-26 09:49:35,0.0,4.5625,6.7,139.281,0.0,7.2
2025-10-26 09:49:41,0.0,4.5625,6.7,139.281,0.0,7.2
2025-10-26 09:49:46,0.0,4.5625,6.7,139.281,0.0,7.4
2025-10-26 09:49:51,0.0,4.5625,6.7,139.281,0.0,7.3
2025-10-26 09:49:56,0.0,4.5625,6.7,139.281,0.0,7.3
2025-10-26 09:50:02,0.0,4.5625,6.7,139.281,0.0,7.3
2025-10-26 09:50:07,0.0,4.5625,6.7,139.281,0.0,7.3
2025-10-26 09:50:12,0.0,4.5625,6.7,139.281,0.0,7.3
2025-10-26 09:50:18,0.0,4.5625,6.7,139.281,0.0,7.3
2025-10-26 09:50:23,0.0,4.5625,6.7,139.281,0.0,7.4
2025-10-26 09:50:28,0.0,4.5625,6.7,139.281,0.0,7.4
2025-10-26 09:50:34,0.0,4.5625,6.7,139.281,0.0,7.4
2025-10-26 09:50:39,0.0,4.5625,6.7,139.281,0.0,7.3
2025-10-26 09:50:44,0.0,4.5625,6.7,139.281,0.0,7.3
2025-10-26 09:50:49,0.0,4.5625,6.7,139.281,0.0,7.3
2025-10-26 09:50:55,0.0,4.5625,6.7,139.281,50.0,7.4
2025-10-26 09:51:00,0.0,4.5625,6.7,139.281,0.0,7.3
2025-10-26 09:51:05,0.0,4.5625,6.7,139.281,0.0,7.3
2025-10-26 09:51:10,0.0,4.5625,6.7,139.281,25.0,7.3
2025-10-26 09:51:16,0.0,4.5625,6.7,139.281,50.0,7.3
2025-10-26 09:51:21,0.0,4.5625,6.7,139.281,0.0,7.4
2025-10-26 09:51:26,0.0,4.5625,6.7,139.281,0.0,7.4
2025-10-26 09:51:32,0.0,4.5625,6.7,139.281,33.3,7.3
2025-10-26 09:51:37,0.0,4.5625,6.7,139.281,0.0,7.3
2025-10-26 09:51:42,0.0,4.5625,6.7,139.281,0.0,7.3
2025-10-26 09:51:47,0.0,4.5625,6.7,139.281,0.0,7.3
2025-10-26 09:51:53,0.0,4.5625,6.7,139.281,0.0,7.3
2025-10-26 09:51:58,0.0,4.5625,6.7,139.281,0.0,7.3
2025-10-26 09:52:03,0.0,4.5625,6.7,139.281,0.0,7.3
2025-10-26 09:52:08,0.0,4.5625,6.7,139.281,0.0,7.3
2025-10-26 09:52:14,0.0,4.5625,6.7,139.281,0.0,7.4
2025-10-26 09:52:19,0.0,4.5625,6.7,139.281,0.0,7.4
2025-10-26 09:52:24,0.0,4.5625,6.7,139.281,0.0,7.3
2025-10-26 09:52:29,0.0,4.5625,6.7,139.281,0.0,7.3
2025-10-26 09:52:35,0.0,4.5625,6.7,139.281,0.0,7.4
2025-10-26 09:52:40,0.0,4.5625,6.7,139.281,0.0,7.3
2025-10-26 09:52:45,0.0,4.5625,6.7,139.281,0.0,7.3
2025-10-26 09:52:51,0.0,4.5625,6.7,139.281,0.0,7.4
2025-10-26 09:52:56,0.0,4.5625,6.7,139.281,0.0,7.3
2025-10-26 09:53:01,0.0,4.5625,6.7,139.281,0.0,7.3
2025-10-26 09:53:06,0.0,4.5625,6.7,139.281,0.0,7.3
2025-10-26 09:53:12,0.0,4.5625,6.7,139.281,0.0,7.4
2025-10-26 09:53:17,0.0,4.5625,6.7,139.281,0.0,7.3
2025-10-26 09:53:22,0.0,4.5625,6.7,139.281,0.0,7.3
2025-10-26 09:53:27,0.0,4.5625,6.7,139.281,0.0,7.3
2025-10-26 09:53:33,0.0,4.5625,6.7,139.281,0.0,7.3
2025-10-26 09:53:38,0.0,4.5625,6.7,139.281,0.0,7.3
2025-10-26 09:53:43,0.0,4.5625,6.7,139.281,0.0,7.4
2025-10-26 09:53:48,0.0,4.5625,6.7,139.281,0.0,7.2
2025-10-26 09:53:54,0.0,4.5625,6.7,139.281,0.0,7.3
2025-10-26 09:53:59,0.0,4.5625,6.7,139.281,0.0,7.3
2025-10-26 09:54:04,0.0,4.5625,6.7,139.281,0.0,7.3
2025-10-26 09:54:10,0.0,4.5625,6.7,139.281,0.0,7.3
2025-10-26 09:54:15,0.0,4.5625,6.7,139.281,0.0,7.3
2025-10-26 09:54:20,0.0,4.5625,6.7,139.281,50.0,7.3
2025-10-26 09:54:25,0.0,4.5625,6.7,139.281,0.0,7.3
2025-10-26 09:54:31,0.0,4.5625,6.7,139.281,0.0,7.3
2025-10-26 09:54:36,0.0,4.5625,6.7,139.281,0.0,7.3
2025-10-26 09:54:41,0.0,4.5625,6.7,139.281,0.0,7.3
2025-10-26 09:54:46,0.0,4.5625,6.7,139.281,0.0,7.3
2025-10-26 09:54:52,0.0,4.5625,6.7,139.281,0.0,7.4
2025-10-26 09:54:57,0.0,4.5625,6.7,139.281,33.3,7.3
2025-10-26 09:55:02,0.0,4.5625,6.7,139.281,0.0,7.3
2025-10-26 09:55:08,0.0,4.5625,6.7,139.281,0.0,7.3
2025-10-26 09:55:13,0.0,4.5625,6.7,139.281,0.0,7.4
2025-10-26 09:55:18,0.0,4.5625,6.7,139.281,0.0,7.4
2025-10-26 09:55:24,0.0,4.5625,6.7,139.281,50.0,7.4
2025-10-26 09:55:29,0.0,4.5625,6.7,139.281,0.0,7.3
2025-10-26 09:55:34,0.0,4.5625,6.7,139.281,0.0,7.3
2025-10-26 09:55:39,0.0,4.5625,6.7,139.281,33.3,7.4
2025-10-26 09:55:45,0.0,4.5625,6.7,139.281,0.0,7.4
2025-10-26 09:55:50,0.0,4.5625,6.7,139.281,0.0,7.4
2025-10-26 09:55:55,0.0,4.5625,6.7,139.281,0.0,7.3
2025-10-26 09:56:00,0.0,4.5625,6.7,139.281,0.0,7.3
2025-10-26 09:56:06,0.0,4.5625,6.7,139.281,0.0,7.4
2025-10-26 09:56:11,0.0,4.5625,6.7,139.281,0.0,7.3
2025-10-26 09:56:16,0.0,4.5625,6.7,139.281,0.0,7.3
2025-10-26 09:56:21,0.0,4.5625,6.7,139.281,0.0,7.3
2025-10-26 09:56:27,0.0,4.5625,6.7,139.281,0.0,7.3
2025-10-26 09:56:32,0.0,4.5625,6.7,139.281,33.3,7.3
2025-10-26 09:56:37,0.0,4.5625,6.7,139.281,0.0,7.3
2025-10-26 09:56:42,0.0,4.5625,6.7,139.281,0.0,7.3
2025-10-26 09:56:48,0.0,4.5625,6.7,139.281,0.0,7.3
2025-10-26 09:56:53,0.0,4.5625,6.7,139.281,0.0,7.5
2025-10-26 09:56:58,0.0,4.5625,6.7,139.281,0.0,7.5
2025-10-26 09:57:04,0.0,4.5625,6.7,139.281,0.0,7.3
2025-10-26 09:57:09,0.0,4.5625,6.7,139.281,0.0,7.3
2025-10-26 09:57:14,0.0,4.5625,6.7,139.281,0.0,7.4
2025-10-26 09:57:19,0.0,4.5625,6.7,139.281,33.3,7.4
2025-10-26 09:57:25,0.0,4.5625,6.7,139.281,0.0,7.3
2025-10-26 09:57:30,0.0,4.5625,6.7,139.281,0.0,7.4
2025-10-26 09:57:35,0.0,4.5625,6.7,139.281,0.0,7.3
2025-10-26 09:57:41,0.0,4.5625,6.7,139.281,0.0,7.4
2025-10-26 09:57:46,0.0,4.5625,6.7,139.281,0.0,7.4
2025-10-26 09:57:51,0.0,4.5625,6.7,139.281,0.0,7.4
2025-10-26 09:57:56,0.0,4.5625,6.7,139.281,0.0,7.4
2025-10-26 09:58:02,0.0,4.5625,6.7,139.281,0.0,7.3
2025-10-26 09:58:07,0.0,4.5625,6.7,139.281,0.0,7.3
2025-10-26 09:58:12,0.0,4.5625,6.7,139.281,0.0,7.3
2025-10-26 09:58:17,0.0,4.5625,6.7,139.281,0.0,7.3
2025-10-26 09:58:23,0.0,4.5625,6.7,139.281,0.0,7.3
2025-10-26 09:58:28,0.0,4.5625,6.7,139.281,0.0,7.4
2025-10-26 09:58:33,0.0,4.5625,6.7,139.281,0.0,7.4
2025-10-26 09:58:38,0.0,4.5625,6.7,139.281,0.0,7.3
2025-10-26 09:58:44,0.0,4.5625,6.7,139.281,0.0,7.3
2025-10-26 09:58:49,0.0,4.5625,6.7,139.281,0.0,7.3
2025-10-26 09:58:54,0.0,4.5625,6.7,139.281,0.0,7.3
2025-10-26 09:58:59,0.0,4.5625,6.7,139.281,0.0,7.4
2025-10-26 09:59:05,0.0,4.5625,6.7,139.281,0.0,7.4
2025-10-26 09:59:10,0.0,4.5625,6.7,139.281,33.3,7.4
2025-10-26 09:59:15,0.0,4.5625,6.7,139.281,33.3,7.4
2025-10-26 09:59:21,0.0,4.5625,6.7,139.281,0.0,7.4
2025-10-26 09:59:26,0.0,4.5625,6.7,139.281,0.0,7.4
2025-10-26 09:59:31,0.0,4.5625,6.7,139.281,0.0,7.2
2025-10-26 09:59:36,0.0,4.5625,6.7,139.281,0.0,7.2
2025-10-26 09:59:42,0.0,4.5625,6.7,139.281,0.0,7.5
2025-10-26 09:59:47,0.0,4.5625,6.7,139.281,0.0,7.4
2025-10-26 09:59:52,0.0,4.5625,6.7,139.281,0.0,7.3
2025-10-26 09:59:57,0.0,4.5625,6.7,139.281,40.0,7.3
2025-10-26 10:00:03,0.0,4.5625,6.7,139.281,0.0,7.3
2025-10-26 10:00:08,0.0,4.5625,6.7,139.281,0.0,7.3
2025-10-26 10:00:13,0.0,4.5625,6.7,139.281,0.0,7.4
2025-10-26 10:00:19,0.0,4.5625,6.7,139.281,0.0,7.4
2025-10-26 10:00:24,0.0,4.5625,6.7,139.281,0.0,7.3
2025-10-26 10:00:29,0.0,4.5625,6.7,139.281,0.0,7.3
2025-10-26 10:00:34,0.0,4.5625,6.7,139.281,33.3,7.4
2025-10-26 10:00:40,0.0,4.5625,6.7,139.281,0.0,7.4
2025-10-26 10:00:45,0.0,4.5625,6.7,139.281,0.0,7.4
2025-10-26 10:00:50,0.0,4.5625,6.7,139.281,0.0,7.4
2025-10-26 10:00:56,0.0,4.5625,6.7,139.281,0.0,7.3
2025-10-26 10:01:01,0.0,4.5625,6.7,139.281,0.0,7.3
2025-10-26 10:01:06,0.0,4.5625,6.7,139.281,0.0,7.4
2025-10-26 10:01:11,0.0,4.5625,6.7,139.281,0.0,7.3
2025-10-26 10:01:17,0.0,4.5625,6.7,139.281,0.0,7.3
2025-10-26 10:01:22,0.0,4.5625,6.7,139.281,0.0,7.3
2025-10-26 10:01:27,0.0,4.5625,6.7,139.281,0.0,7.3
2025-10-26 10:01:33,0.0,4.5625,6.7,139.281,0.0,7.3
2025-10-26 10:01:38,0.0,4.5625,6.7,139.281,33.3,7.3
2025-10-26 10:01:43,0.0,4.5625,6.7,139.281,0.0,7.3
2025-10-26 10:01:48,0.0,4.5625,6.7,139.281,0.0,7.4
2025-10-26 10:01:54,0.0,4.5625,6.7,139.281,0.0,7.4
2025-10-26 10:01:59,0.0,4.5625,6.7,139.281,0.0,7.4
2025-10-26 10:02:04,0.0,4.5625,6.7,139.281,0.0,7.3
2025-10-26 10:02:09,0.0,4.5625,6.7,139.281,0.0,7.3
2025-10-26 10:02:15,0.0,4.5625,6.7,139.281,0.0,7.3
2025-10-26 10:02:20,0.0,4.5625,6.7,139.281,0.0,7.3
2025-10-26 10:02:25,0.0,4.5625,6.7,139.281,0.0,7.3
2025-10-26 10:02:30,0.0,4.5625,6.7,139.281,0.0,7.3
2025-10-26 10:02:36,0.0,4.5625,6.7,139.281,0.0,7.3
2025-10-26 10:02:41,0.0,4.5625,6.7,139.281,0.0,7.3
2025-10-26 10:02:46,0.0,4.5625,6.7,139.281,0.0,7.4
2025-10-26 10:02:52,0.0,4.5625,6.7,139.281,0.0,7.4
2025-10-26 10:02:57,0.0,4.5625,6.7,139.281,50.0,7.4
2025-10-26 10:03:02,0.0,4.5625,6.7,139.281,33.3,7.4
2025-10-26 10:03:07,0.0,4.5625,6.7,139.281,33.3,7.4
2025-10-26 10:03:13,0.0,4.5625,6.7,139.281,0.0,7.3
2025-10-26 10:03:18,0.0,4.5625,6.7,139.281,0.0,7.4
2025-10-26 10:03:23,0.0,4.5625,6.7,139.281,0.0,7.4
2025-10-26 10:03:28,0.0,4.5625,6.7,139.281,0.0,7.4
2025-10-26 10:03:34,0.0,4.5625,6.7,139.281,0.0,7.3
2025-10-26 10:03:39,0.0,4.5625,6.7,139.281,0.0,7.3
2025-10-26 10:03:44,0.0,4.5625,6.7,139.281,0.0,7.4
2025-10-26 10:03:49,0.0,4.5625,6.7,139.281,0.0,7.5
2025-10-26 10:03:55,0.0,4.5625,6.7,139.281,0.0,7.5
2025-10-26 10:04:00,0.0,4.5625,6.7,139.281,0.0,7.5
2025-10-26 10:04:05,0.0,4.5625,6.7,139.281,0.0,7.4
2025-10-26 10:04:11,0.0,4.5625,6.7,139.281,0.0,7.3
2025-10-26 10:04:16,0.0,4.5625,6.7,139.281,0.0,7.3
2025-10-26 10:04:21,0.0,4.5625,6.7,139.281,0.0,7.4
2025-10-26 10:04:27,0.0,4.5625,6.7,139.281,0.0,7.3
2025-10-26 10:04:32,0.0,4.5625,6.7,139.281,0.0,7.3
2025-10-26 10:04:37,0.0,4.5625,6.7,139.281,0.0,7.3
2025-10-26 10:04:42,0.0,4.5625,6.7,139.281,0.0,7.3
2025-10-26 10:04:48,0.0,4.5625,6.7,139.281,33.3,7.4
2025-10-26 10:04:53,0.0,4.5625,6.7,139.281,25.0,7.4
2025-10-26 10:04:58,0.0,4.5625,6.7,139.281,0.0,7.4
2025-10-26 10:05:04,0.0,4.5625,6.7,139.281,0.0,7.3
2025-10-26 10:05:09,0.0,4.5625,6.7,139.281,0.0,7.3
2025-10-26 10:05:14,0.0,4.5625,6.7,139.281,0.0,7.4
2025-10-26 10:05:19,0.0,4.5625,6.7,139.281,0.0,7.4
2025-10-26 10:05:25,0.0,4.5625,6.7,139.281,0.0,7.3
2025-10-26 10:05:30,0.0,4.5625,6.7,139.281,0.0,7.4
2025-10-26 10:05:35,0.0,4.5625,6.7,139.281,0.0,7.4
2025-10-26 10:05:41,0.0,4.5625,6.7,139.281,0.0,7.4
2025-10-26 10:05:46,0.0,4.5625,6.7,139.281,0.0,7.4
2025-10-26 10:05:51,0.0,4.5625,6.7,139.281,0.0,7.4
2025-10-26 10:05:56,0.0,4.5625,6.7,139.281,0.0,7.4
2025-10-26 10:06:02,0.0,4.5625,6.7,139.281,25.0,7.4
2025-10-26 10:06:07,0.0,4.5625,6.7,139.281,0.0,7.3
2025-10-26 10:06:12,0.0,4.5625,6.7,139.281,14.3,7.2
2025-10-26 10:06:18,0.0,4.5625,6.7,139.281,0.0,7.4
2025-10-26 10:06:23,0.0,4.5625,6.7,139.281,0.0,7.4
2025-10-26 10:06:29,0.0,4.5625,6.7,139.281,0.0,7.3
2025-10-26 10:06:34,0.0,4.5625,6.7,139.281,33.3,7.4
2025-10-26 10:06:39,0.0,4.5625,6.7,139.281,0.0,7.3
2025-10-26 10:06:45,0.0,4.5625,6.7,139.281,50.0,7.4
2025-10-26 10:06:50,0.0,4.5625,6.7,139.281,0.0,7.3
2025-10-26 10:06:56,0.0,4.5625,6.7,139.281,0.0,7.5
2025-10-26 10:07:01,0.0,4.5625,6.7,139.281,25.0,7.4
2025-10-26 10:07:06,0.0,4.5625,6.7,139.281,0.0,7.4
2025-10-26 10:07:12,0.0,4.5625,6.7,139.281,0.0,7.4
2025-10-26 10:07:17,0.0,4.5625,6.7,139.281,0.0,7.5
2025-10-26 10:07:22,0.0,4.5625,6.7,139.281,0.0,7.4
2025-10-26 10:07:27,0.0,4.5625,6.7,139.281,50.0,7.3
2025-10-26 10:07:33,0.0,4.5625,6.7,139.281,0.0,7.3
2025-10-26 10:07:38,0.0,4.5625,6.7,139.281,0.0,7.4
2025-10-26 10:07:43,0.0,4.5625,6.7,139.281,0.0,7.4
2025-10-26 10:07:48,0.0,4.5625,6.7,139.281,0.0,7.3
2025-10-26 10:07:54,0.0,4.5625,6.7,139.281,0.0,7.4
2025-10-26 10:07:59,0.0,4.5625,6.7,139.281,33.3,7.3
2025-10-26 10:08:04,0.0,4.5625,6.7,139.281,0.0,7.3
2025-10-26 10:08:10,0.0,4.5625,6.7,139.281,25.0,7.4
2025-10-26 10:08:15,0.0,4.5625,6.7,139.281,0.0,7.4
2025-10-26 10:08:20,0.0,4.5625,6.7,139.281,0.0,7.3
2025-10-26 10:08:25,0.0,4.5625,6.7,139.281,0.0,7.3
2025-10-26 10:08:31,0.0,4.5625,6.7,139.281,0.0,7.4
2025-10-26 10:08:36,0.0,4.5625,6.7,139.281,0.0,7.4
2025-10-26 10:08:41,0.0,4.5625,6.7,139.281,0.0,7.4
2025-10-26 10:08:46,0.0,4.5625,6.7,139.281,0.0,7.4
2025-10-26 10:08:52,0.0,4.5625,6.7,139.281,0.0,7.2
2025-10-26 10:08:57,0.0,4.5625,6.7,139.281,0.0,7.2
2025-10-26 10:09:02,0.0,4.5625,6.7,139.281,0.0,7.3
2025-10-26 10:09:07,0.0,4.5625,6.7,139.281,0.0,7.3
2025-10-26 10:09:13,0.0,4.5625,6.7,139.281,0.0,7.4
2025-10-26 10:09:18,0.0,4.5625,6.7,139.281,0.0,7.4
2025-10-26 10:09:23,0.0,4.5625,6.7,139.281,0.0,7.4
2025-10-26 10:09:29,0.0,4.5625,6.7,139.281,50.0,7.4
2025-10-26 10:09:34,0.0,4.5625,6.7,139.281,0.0,7.3
2025-10-26 10:09:39,0.0,4.5625,6.7,139.281,0.0,7.3
2025-10-26 10:09:44,0.0,4.5625,6.7,139.281,0.0,7.4
2025-10-26 10:09:50,0.0,4.5625,6.7,139.281,0.0,7.4
2025-10-26 10:09:55,0.0,4.5625,6.7,139.281,0.0,7.3
2025-10-26 10:10:00,0.0,4.5625,6.7,139.281,0.0,7.3
2025-10-26 10:10:06,0.0,4.5625,6.7,139.281,25.0,7.3
2025-10-26 10:10:11,0.0,4.5625,6.7,139.281,0.0,7.4
2025-10-26 10:10:16,0.0,4.5625,6.7,139.281,0.0,7.3
2025-10-26 10:10:21,0.0,4.5625,6.7,139.281,0.0,7.3
2025-10-26 10:10:27,0.0,4.5625,6.7,139.281,0.0,7.3
2025-10-26 10:10:32,0.0,4.5625,6.7,139.281,0.0,7.4
2025-10-26 10:10:37,0.0,4.5625,6.7,139.281,0.0,7.4
2025-10-26 10:10:42,0.0,4.5625,6.7,139.281,0.0,7.4
2025-10-26 10:10:48,0.0,4.5625,6.7,139.281,0.0,7.4
2025-10-26 10:10:53,0.0,4.5625,6.7,139.281,0.0,7.3
2025-10-26 10:10:58,0.0,4.5625,6.7,139.281,0.0,7.4
2025-10-26 10:11:03,0.0,4.5625,6.7,139.281,0.0,7.4
2025-10-26 10:11:09,0.0,4.5625,6.7,139.281,0.0,7.3
2025-10-26 10:11:14,0.0,4.5625,6.7,139.281,0.0,7.4
2025-10-26 10:11:19,0.0,4.5625,6.7,139.281,0.0,7.3
2025-10-26 10:11:24,0.0,4.5625,6.7,139.281,0.0,7.3
2025-10-26 10:11:30,0.0,4.5625,6.7,139.281,0.0,7.3
2025-10-26 10:11:35,0.0,4.5625,6.7,139.281,0.0,7.3
2025-10-26 10:11:40,0.0,4.5625,6.7,139.281,0.0,7.5
2025-10-26 10:11:45,0.0,4.5625,6.7,139.281,0.0,7.4
2025-10-26 10:11:51,0.0,4.5625,6.7,139.281,50.0,7.4
2025-10-26 10:11:56,0.0,4.5625,6.7,139.281,0.0,7.4
2025-10-26 10:12:01,0.0,4.5625,6.7,139.281,0.0,7.4
2025-10-26 10:12:06,0.0,4.5625,6.7,139.281,0.0,7.4
2025-10-26 10:12:12,0.0,4.5625,6.7,139.281,0.0,7.4
2025-10-26 10:12:17,0.0,4.5625,6.7,139.281,0.0,7.4
2025-10-26 10:12:22,0.0,4.5625,6.7,139.281,33.3,7.3
2025-10-26 10:12:27,0.0,4.5625,6.7,139.281,0.0,7.3
2025-10-26 10:12:33,0.0,4.5625,6.7,139.281,0.0,7.3
2025-10-26 10:12:38,0.0,4.5625,6.7,139.281,0.0,7.4
2025-10-26 10:12:43,0.0,4.5625,6.7,139.281,0.0,7.4
2025-10-26 10:12:48,0.0,4.5625,6.7,139.281,0.0,7.4
2025-10-26 10:12:54,0.0,4.5625,6.7,139.281,0.0,7.4
2025-10-26 10:12:59,0.0,4.5625,6.7,139.281,0.0,7.4
2025-10-26 10:13:04,0.0,4.5625,6.7,139.281,33.3,7.4
2025-10-26 10:13:09,0.0,4.5625,6.7,139.281,0.0,7.5
2025-10-26 10:13:15,0.0,4.5625,6.7,139.281,0.0,7.5
2025-10-26 10:13:20,0.0,4.5625,6.7,139.281,33.3,7.5
2025-10-26 10:13:26,0.0,4.5625,6.7,139.281,0.0,7.3
2025-10-26 10:13:31,0.0,4.5625,6.7,139.281,0.0,7.4
2025-10-26 10:13:36,0.0,4.5625,6.7,139.281,0.0,7.4
2025-10-26 10:13:41,0.0,4.5625,6.7,139.281,33.3,7.3
2025-10-26 10:13:47,0.0,4.5625,6.7,139.281,0.0,7.3
2025-10-26 10:13:52,0.0,4.5625,6.7,139.281,0.0,7.4
2025-10-26 10:13:57,0.0,4.5625,6.7,139.281,0.0,7.3
2025-10-26 10:14:03,0.0,4.5625,6.7,139.281,33.3,7.4
2025-10-26 10:14:08,0.0,4.5625,6.7,139.281,0.0,7.3
2025-10-26 10:14:13,0.0,4.5625,6.7,139.281,0.0,7.4
2025-10-26 10:14:18,0.0,4.5625,6.7,139.281,0.0,7.4
2025-10-26 10:14:24,0.0,4.5625,6.7,139.281,0.0,7.4
2025-10-26 10:14:29,0.0,4.5625,6.7,139.281,0.0,7.4
2025-10-26 10:14:34,0.0,4.5625,6.7,139.281,0.0,7.3
2025-10-26 10:14:39,0.0,4.5625,6.7,139.281,0.0,7.3
2025-10-26 10:14:45,0.0,4.5625,6.7,139.281,0.0,7.3
2025-10-26 10:14:50,0.0,4.5625,6.7,139.281,0.0,7.3
2025-10-26 10:14:55,0.0,4.5625,6.7,139.281,0.0,7.4
2025-10-26 10:15:01,0.0,4.5625,6.7,139.281,0.0,7.4
2025-10-26 10:15:06,0.0,4.5625,6.7,139.281,0.0,7.3
2025-10-26 10:15:11,0.0,4.5625,6.7,139.281,0.0,7.3
2025-10-26 10:15:16,0.0,4.5625,6.7,139.281,0.0,7.4
2025-10-26 10:15:22,0.0,4.5625,6.7,139.281,0.0,7.4
2025-10-26 10:15:27,0.0,4.5625,6.7,139.281,0.0,7.3
2025-10-26 10:15:32,0.0,4.5625,6.7,139.281,0.0,7.4
2025-10-26 10:15:37,0.0,4.5625,6.7,139.281,0.0,7.3
2025-10-26 10:15:43,0.0,4.5625,6.7,139.281,0.0,7.4
2025-10-26 10:15:48,0.0,4.5625,6.7,139.281,0.0,7.4
2025-10-26 10:15:53,0.0,4.5625,6.7,139.281,0.0,7.4
2025-10-26 10:15:58,0.0,4.5625,6.7,139.281,0.0,7.4
2025-10-26 10:16:04,0.0,4.5625,6.7,139.281,0.0,7.4
2025-10-26 10:16:09,0.0,4.5625,6.7,139.281,0.0,7.3
2025-10-26 10:16:14,0.0,4.5625,6.7,139.281,0.0,7.4
2025-10-26 10:16:20,0.0,4.5625,6.7,139.281,0.0,7.3
2025-10-26 10:16:25,0.0,4.5625,6.7,139.281,0.0,7.4
2025-10-26 10:16:30,0.0,4.5625,6.7,139.281,0.0,7.3
2025-10-26 10:16:36,0.0,4.5625,6.7,139.281,0.0,7.3
2025-10-26 10:16:41,0.0,4.5625,6.7,139.281,33.3,7.4
2025-10-26 10:16:46,0.0,4.5625,6.7,139.281,0.0,7.4
2025-10-26 10:16:51,0.0,4.5625,6.7,139.281,0.0,7.3
2025-10-26 10:16:57,0.0,4.5625,6.7,139.281,0.0,7.4
2025-10-26 10:17:02,0.0,4.5625,6.7,139.281,0.0,7.3
2025-10-26 10:17:07,0.0,4.5625,6.7,139.281,0.0,7.3
2025-10-26 10:17:12,0.0,4.5625,6.7,139.281,0.0,7.4
2025-10-26 10:17:18,0.0,4.5625,6.7,139.281,0.0,7.4
2025-10-26 10:17:23,0.0,4.5625,6.7,139.281,0.0,7.3
2025-10-26 10:17:28,0.0,4.5625,6.7,139.281,0.0,7.3
2025-10-26 10:17:33,0.0,4.5625,6.7,139.281,0.0,7.3
2025-10-26 10:17:39,0.0,4.5625,6.7,139.281,0.0,7.3
2025-10-26 10:17:44,0.0,4.5625,6.7,139.281,0.0,7.4
2025-10-26 10:17:49,0.0,4.5625,6.7,139.281,0.0,7.4
2025-10-26 10:17:54,0.0,4.5625,6.7,139.281,0.0,7.3
2025-10-26 10:18:00,0.0,4.5625,6.7,139.281,0.0,7.4
2025-10-26 10:18:05,0.0,4.5625,6.7,139.281,0.0,7.3
2025-10-26 10:18:10,0.0,4.5625,6.7,139.281,0.0,7.4
2025-10-26 10:18:15,0.0,4.5625,6.7,139.281,0.0,7.3
2025-10-26 10:18:21,0.0,4.5625,6.7,139.281,0.0,7.3
2025-10-26 10:18:26,0.0,4.5625,6.7,139.281,0.0,7.4
2025-10-26 10:18:31,0.0,4.5625,6.7,139.281,0.0,7.3
2025-10-26 10:18:37,0.0,4.5625,6.7,139.281,0.0,7.3
2025-10-26 10:18:42,0.0,4.5625,6.7,139.281,0.0,7.4
2025-10-26 10:18:47,0.0,4.5625,6.7,139.281,0.0,7.3
2025-10-26 10:18:53,0.0,4.5625,6.7,139.281,0.0,7.4
2025-10-26 10:18:58,0.0,4.5625,6.7,139.281,50.0,7.4
2025-10-26 10:19:03,0.0,4.5625,6.7,139.281,0.0,7.5
2025-10-26 10:19:08,0.0,4.5625,6.7,139.281,0.0,7.3
2025-10-26 10:19:14,0.0,4.5625,6.7,139.281,0.0,7.3
2025-10-26 10:19:19,0.0,4.5625,6.7,139.281,25.0,7.3
2025-10-26 10:19:24,0.0,4.5625,6.7,139.281,0.0,7.3
2025-10-26 10:19:29,0.0,4.5625,6.7,139.281,0.0,7.4
2025-10-26 10:19:35,0.0,4.5625,6.7,139.281,0.0,7.3
2025-10-26 10:19:40,0.0,4.5625,6.7,139.281,0.0,7.3
2025-10-26 10:19:45,0.0,4.5625,6.7,139.281,0.0,7.3
2025-10-26 10:19:50,0.0,4.5625,6.7,139.281,0.0,7.3
2025-10-26 10:19:56,0.0,4.5625,6.7,139.281,0.0,7.2
2025-10-26 10:20:01,0.0,4.5625,6.7,139.281,0.0,7.3
2025-10-26 10:20:06,0.0,4.5625,6.7,139.281,0.0,7.4
2025-10-26 10:20:11,0.0,4.5625,6.7,139.281,0.0,7.4
2025-10-26 10:20:17,0.0,4.5625,6.7,139.281,50.0,7.4
2025-10-26 10:20:22,0.0,4.5625,6.7,139.281,0.0,7.4
2025-10-26 10:20:27,0.0,4.5625,6.7,139.281,0.0,7.3
2025-10-26 10:20:33,0.0,4.5625,6.7,139.281,0.0,7.4
2025-10-26 10:20:38,0.0,4.5625,6.7,139.281,0.0,7.3
2025-10-26 10:20:43,0.0,4.5625,6.7,139.281,0.0,7.3
2025-10-26 10:20:48,0.0,4.5625,6.7,139.281,0.0,7.3
2025-10-26 10:20:54,0.0,4.5625,6.7,139.281,0.0,7.3
2025-10-26 10:20:59,0.0,4.5625,6.7,139.281,0.0,7.4
2025-10-26 10:21:04,0.0,4.5625,6.7,139.281,0.0,7.4
2025-10-26 10:21:09,0.0,4.5625,6.7,139.281,0.0,7.4
2025-10-26 10:21:15,0.0,4.5625,6.7,139.281,0.0,7.5
2025-10-26 10:21:20,0.0,4.5625,6.7,139.281,0.0,7.3
2025-10-26 10:21:25,0.0,4.5625,6.7,139.281,0.0,7.4
2025-10-26 10:21:31,0.0,4.5625,6.7,139.281,0.0,7.4
2025-10-26 10:21:36,0.0,4.5625,6.7,139.281,0.0,7.4
2025-10-26 10:21:41,0.0,4.5625,6.7,139.281,0.0,7.4
2025-10-26 10:21:46,0.0,4.5625,6.7,139.281,0.0,7.3
2025-10-26 10:21:52,0.0,4.5625,6.7,139.281,0.0,7.5
2025-10-26 10:21:57,0.0,4.5625,6.7,139.281,0.0,7.5
2025-10-26 10:22:02,0.0,4.5625,6.7,139.281,0.0,7.3
2025-10-26 10:22:07,0.0,4.5625,6.7,139.281,0.0,7.3
2025-10-26 10:22:13,0.0,4.5625,6.7,139.281,0.0,7.3
2025-10-26 10:22:18,0.0,4.5625,6.7,139.281,0.0,7.4
2025-10-26 10:22:23,0.0,4.5625,6.7,139.281,0.0,7.4
2025-10-26 10:22:28,0.0,4.5625,6.7,139.281,0.0,7.4
2025-10-26 10:22:34,0.0,4.5625,6.7,139.281,0.0,7.2
2025-10-26 10:22:39,0.0,4.5625,6.7,139.281,0.0,7.3
2025-10-26 10:22:44,0.0,4.5625,6.7,139.281,0.0,7.4
2025-10-26 10:22:49,0.0,4.5625,6.7,139.281,0.0,7.4
2025-10-26 10:22:55,0.0,4.5625,6.7,139.281,0.0,7.4
2025-10-26 10:23:00,0.0,4.5625,6.7,139.281,0.0,7.4
2025-10-26 10:23:05,0.0,4.5625,6.7,139.281,50.0,7.4
2025-10-26 10:23:10,0.0,4.5625,6.7,139.281,33.3,7.4
2025-10-26 10:23:16,0.0,4.5625,6.7,139.281,25.0,7.3
2025-10-26 10:23:21,0.0,4.5625,6.7,139.281,0.0,7.4
2025-10-26 10:23:26,0.0,4.5625,6.7,139.281,0.0,7.3
2025-10-26 10:23:31,0.0,4.5625,6.7,139.281,33.3,7.3
2025-10-26 10:23:37,0.0,4.5625,6.7,139.281,0.0,7.3
2025-10-26 10:23:42,0.0,4.5625,6.7,139.281,0.0,7.3
2025-10-26 10:23:47,0.0,4.5625,6.7,139.281,0.0,7.4
2025-10-26 10:23:53,0.0,4.5625,6.7,139.281,0.0,7.3
2025-10-26 10:23:58,0.0,4.5625,6.7,139.281,0.0,7.3
2025-10-26 10:24:03,0.0,4.5625,6.7,139.281,0.0,7.4
2025-10-26 10:24:09,0.0,4.5625,6.7,139.281,0.0,7.3
2025-10-26 10:24:14,0.0,4.5625,6.7,139.281,33.3,7.4
2025-10-26 10:24:19,0.0,4.5625,6.7,139.281,0.0,7.3
2025-10-26 10:24:24,0.0,4.5625,6.7,139.281,0.0,7.4
2025-10-26 10:24:30,0.0,4.5625,6.7,139.281,33.3,7.4
2025-10-26 10:24:35,0.0,4.5625,6.7,139.281,33.3,7.4
2025-10-26 10:24:40,0.0,4.5625,6.7,139.281,0.0,7.4
2025-10-26 10:24:46,0.0,4.5625,6.7,139.281,us.,7.4
2025-10-26 10:24:51,0.0,4.5625,6.7,139.281,0.0,7.4
2025-10-26 10:24:56,0.0,4.5625,6.7,139.281,0.0,7.3
2025-10-26 10:25:01,0.0,4.5625,6.7,139.281,0.0,7.3
2025-10-26 10:25:07,0.0,4.5625,6.7,139.281,0.0,7.4
2025-10-26 10:25:12,0.0,4.5625,6.7,139.281,0.0,7.2
2025-10-26 10:25:17,0.0,4.5625,6.7,139.281,0.0,7.4
2025-10-26 10:25:22,0.0,4.5625,6.7,139.281,0.0,7.4
2025-10-26 10:25:28,0.0,4.5625,6.7,139.281,0.0,7.3
2025-10-26 10:25:33,0.0,4.5625,6.7,139.281,0.0,7.3
2025-10-26 10:25:38,0.0,4.5625,6.7,139.281,0.0,7.4
2025-10-26 10:25:44,0.0,4.5625,6.7,139.281,0.0,7.3
2025-10-26 10:25:49,0.0,4.5625,6.7,139.281,0.0,7.4
2025-10-26 10:25:54,0.0,4.5625,6.7,139.281,33.3,7.4
2025-10-26 10:26:00,0.0,4.5625,6.7,139.281,0.0,7.3
2025-10-26 10:26:05,0.0,4.5625,6.7,139.281,0.0,7.3
2025-10-26 10:26:10,0.0,4.5625,6.7,139.281,0.0,7.3
2025-10-26 10:26:15,0.0,4.5625,6.7,139.281,0.0,7.3
2025-10-26 10:26:21,0.0,4.5625,6.7,139.281,0.0,7.4
2025-10-26 10:26:26,0.0,4.5625,6.7,139.281,0.0,7.3
2025-10-26 10:26:31,0.0,4.5625,6.7,139.281,0.0,7.3
2025-10-26 10:26:36,0.0,4.5625,6.7,139.281,0.0,7.3
2025-10-26 10:26:42,0.0,4.5625,6.7,139.281,0.0,7.3
2025-10-26 10:26:47,0.0,4.5625,6.7,139.281,0.0,7.3
2025-10-26 10:26:52,0.0,4.5625,6.7,139.281,0.0,7.3
2025-10-26 10:26:57,0.0,4.5625,6.7,139.281,0.0,7.3
2025-10-26 10:27:03,0.0,4.5625,6.7,139.281,0.0,7.3
2025-10-26 10:27:08,0.0,4.5625,6.7,139.281,0.0,7.3
2025-10-26 10:27:13,0.0,4.5625,6.7,139.281,0.0,7.4
2025-10-26 10:27:18,0.0,4.5625,6.7,139.281,0.0,7.4
2025-10-26 10:27:24,0.0,4.5625,6.7,139.281,0.0,7.3
2025-10-26 10:27:29,0.0,4.5625,6.7,139.281,0.0,7.3
2025-10-26 10:27:34,0.0,4.5625,6.7,139.281,0.0,7.3
2025-10-26 10:27:40,0.0,4.5625,6.7,139.281,50.0,7.3
2025-10-26 10:27:45,0.0,4.5625,6.7,139.281,0.0,7.3
2025-10-26 10:27:50,0.0,4.5625,6.7,139.281,0.0,7.3
2025-10-26 10:27:55,0.0,4.5625,6.7,139.281,33.3,7.4
2025-10-26 10:28:01,0.0,4.5625,6.7,139.281,50.0,7.4
2025-10-26 10:28:06,0.0,4.5625,6.7,139.281,0.0,7.4
2025-10-26 10:28:11,0.0,4.5625,6.7,139.281,0.0,7.3
2025-10-26 10:28:16,0.0,4.5625,6.7,139.281,0.0,7.3
2025-10-26 10:28:22,0.0,4.5625,6.7,139.281,0.0,7.4
2025-10-26 10:28:27,0.0,4.5625,6.7,139.281,0.0,7.3
2025-10-26 10:28:32,0.0,4.5625,6.7,139.281,0.0,7.3
2025-10-26 10:28:38,0.0,4.5625,6.7,139.281,0.0,7.3
2025-10-26 10:28:43,0.0,4.5625,6.7,139.281,0.0,7.3
2025-10-26 10:28:48,0.0,4.5625,6.7,139.281,0.0,7.3
2025-10-26 10:28:53,0.0,4.5625,6.7,139.281,0.0,7.3
2025-10-26 10:28:59,0.0,4.5625,6.7,139.281,0.0,7.3
2025-10-26 10:29:04,0.0,4.5625,6.7,139.281,0.0,7.4
2025-10-26 10:29:09,0.0,4.5625,6.7,139.281,0.0,7.4
2025-10-26 10:29:15,0.0,4.5625,6.7,139.281,0.0,7.4
2025-10-26 10:29:20,0.0,4.5625,6.7,139.281,0.0,7.4
2025-10-26 10:29:25,0.0,4.5625,6.7,139.281,0.0,7.3
2025-10-26 10:29:30,0.0,4.5625,6.7,139.281,0.0,7.4
2025-10-26 10:29:36,0.0,4.5625,6.7,139.281,0.0,7.3
2025-10-26 10:29:41,0.0,4.5625,6.7,139.281,0.0,7.3
2025-10-26 10:29:46,0.0,4.5625,6.7,139.281,0.0,7.3
2025-10-26 10:29:51,0.0,4.5625,6.7,139.281,0.0,7.4
2025-10-26 10:29:57,0.0,4.5625,6.7,139.281,0.0,7.4
2025-10-26 10:30:02,0.0,4.5625,6.7,139.281,0.0,7.3
2025-10-26 10:30:07,0.0,4.5625,6.7,139.281,0.0,7.3
2025-10-26 10:30:12,0.0,4.5625,6.7,139.281,33.3,7.3
2025-10-26 10:30:18,0.0,4.5625,6.7,139.281,0.0,7.3
2025-10-26 10:30:23,0.0,4.5625,6.7,139.281,0.0,7.3
2025-10-26 10:30:28,0.0,4.5625,6.7,139.281,0.0,7.4
2025-10-26 10:30:33,0.0,4.5625,6.7,139.281,0.0,7.4
2025-10-26 10:30:39,0.0,4.5625,6.7,139.281,0.0,7.4
2025-10-26 10:30:44,0.0,4.5625,6.7,139.281,0.0,7.4
2025-10-26 10:30:49,0.0,4.5625,6.7,139.281,0.0,7.5
2025-10-26 10:30:55,0.0,4.5625,6.7,139.281,0.0,7.4
2025-10-26 10:31:00,0.0,4.5625,6.7,139.281,50.0,7.4
2025-10-26 10:31:05,0.0,4.5625,6.7,139.281,0.0,7.4
2025-10-26 10:31:10,0.0,4.5625,6.7,139.281,0.0,7.3
2025-10-26 10:31:16,0.0,4.5625,6.7,139.281,0.0,7.3
2025-10-26 10:31:21,0.0,4.5625,6.7,139.281,0.0,7.3
2025-10-26 10:31:26,0.0,4.5625,6.7,139.281,0.0,7.4
2025-10-26 10:31:32,0.0,4.5625,6.7,139.281,0.0,7.3
2025-10-26 10:31:37,0.0,4.5625,6.7,139.281,0.0,7.4
2025-10-26 10:31:42,0.0,4.5625,6.7,139.281,0.0,7.3
2025-10-26 10:31:47,0.0,4.5625,6.7,139.281,0.0,7.4
2025-10-26 10:31:53,0.0,4.5625,6.7,139.281,0.0,7.4
2025-10-26 10:31:58,0.0,4.5625,6.7,139.281,0.0,7.4
2025-10-26 10:32:03,0.0,4.5625,6.7,139.281,0.0,7.4
2025-10-26 10:32:09,0.0,4.5625,6.7,139.281,0.0,7.3
2025-10-26 10:32:14,0.0,4.5625,6.7,139.281,0.0,7.4
2025-10-26 10:32:19,0.0,4.5625,6.7,139.281,0.0,7.4
2025-10-26 10:32:24,0.0,4.5625,6.7,139.281,0.0,7.3
2025-10-26 10:32:30,0.0,4.5625,6.7,139.281,0.0,7.3
2025-10-26 10:32:35,0.0,4.5625,6.7,139.281,0.0,7.3
2025-10-26 10:32:40,0.0,4.5625,6.7,139.281,0.0,7.3
2025-10-26 10:32:45,0.0,4.5625,6.7,139.281,0.0,7.4
2025-10-26 10:32:51,0.0,4.5625,6.7,139.281,0.0,7.4
2025-10-26 10:32:56,0.0,4.5625,6.7,139.281,0.0,7.3
2025-10-26 10:33:01,0.0,4.5625,6.7,139.281,33.3,7.4
2025-10-26 10:33:06,0.0,4.5625,6.7,139.281,0.0,7.3
2025-10-26 10:33:12,0.0,4.5625,6.7,139.281,33.3,7.3
2025-10-26 10:33:17,0.0,4.5625,6.7,139.281,0.0,7.4
2025-10-26 10:33:22,0.0,4.5625,6.7,139.281,0.0,7.3
2025-10-26 10:33:27,0.0,4.5625,6.7,139.281,0.0,7.4
2025-10-26 10:33:33,0.0,4.5625,6.7,139.281,0.0,7.4
2025-10-26 10:33:38,0.0,4.5625,6.7,139.281,0.0,7.3
2025-10-26 10:33:43,0.0,4.5625,6.7,139.281,0.0,7.3
2025-10-26 10:33:48,0.0,4.5625,6.7,139.281,0.0,7.4
2025-10-26 10:33:54,0.0,4.5625,6.7,139.281,0.0,7.4
2025-10-26 10:33:59,0.0,4.5625,6.7,139.281,0.0,7.3
2025-10-26 10:34:04,0.0,4.5625,6.7,139.281,0.0,7.3
2025-10-26 10:34:10,0.0,4.5625,6.7,139.281,0.0,7.3
2025-10-26 10:34:15,0.0,4.5625,6.7,139.281,0.0,7.3
2025-10-26 10:34:20,0.0,4.5625,6.7,139.281,0.0,7.4
2025-10-26 10:34:25,0.0,4.5625,6.7,139.281,0.0,7.3
2025-10-26 10:34:31,0.0,4.5625,6.7,139.281,0.0,7.3
2025-10-26 10:34:36,0.0,4.5625,6.7,139.281,0.0,7.3
2025-10-26 10:34:41,0.0,4.5625,6.7,139.281,0.0,7.4
2025-10-26 10:34:46,0.0,4.5625,6.7,139.281,20.0,7.3
2025-10-26 10:34:52,0.0,4.5625,6.7,139.281,0.0,7.4
2025-10-26 10:34:57,0.0,4.5625,6.7,139.281,0.0,7.4
2025-10-26 10:35:02,0.0,4.5625,6.7,139.281,0.0,7.4
2025-10-26 10:35:07,0.0,4.5625,6.7,139.281,50.0,7.5
2025-10-26 10:35:13,0.0,4.5625,6.7,139.281,0.0,7.4
2025-10-26 10:35:18,0.0,4.5625,6.7,139.281,0.0,7.4
2025-10-26 10:35:23,0.0,4.5625,6.7,139.281,0.0,7.3
2025-10-26 10:35:28,0.0,4.5625,6.7,139.281,0.0,7.3
2025-10-26 10:35:34,0.0,4.5625,6.7,139.281,0.0,7.3
2025-10-26 10:35:39,0.0,4.5625,6.7,139.281,0.0,7.3
2025-10-26 10:35:44,0.0,4.5625,6.7,139.281,0.0,7.3
2025-10-26 10:35:49,0.0,4.5625,6.7,139.281,0.0,7.3
2025-10-26 10:35:55,0.0,4.5625,6.7,139.281,0.0,7.4
2025-10-26 10:36:00,0.0,4.5625,6.7,139.281,0.0,7.4
2025-10-26 10:36:05,0.0,4.5625,6.7,139.281,0.0,7.3
2025-10-26 10:36:10,0.0,4.5625,6.7,139.281,0.0,7.3
2025-10-26 10:36:16,0.0,4.5625,6.7,139.281,0.0,7.4
2025-10-26 10:36:21,0.0,4.5625,6.7,139.281,33.3,7.3
2025-10-26 10:36:26,0.0,4.5625,6.7,139.281,0.0,7.3
2025-10-26 10:36:32,0.0,4.5625,6.7,139.281,0.0,7.3
2025-10-26 10:36:37,0.0,4.5625,6.7,139.281,0.0,7.4
2025-10-26 10:36:42,0.0,4.5625,6.7,139.281,0.0,7.4
2025-10-26 10:36:47,0.0,4.5625,6.7,139.281,0.0,7.4
2025-10-26 10:36:53,0.0,4.5625,6.7,139.281,33.3,7.4
2025-10-26 10:36:58,0.0,4.5625,6.7,139.281,0.0,7.3
2025-10-26 10:37:03,0.0,4.5625,6.7,139.281,0.0,7.3
2025-10-26 10:37:09,0.0,4.5625,6.7,139.281,0.0,7.4
2025-10-26 10:37:14,0.0,4.5625,6.7,139.281,0.0,7.3
2025-10-26 10:37:19,0.0,4.5625,6.7,139.281,0.0,7.3
2025-10-26 10:37:25,0.0,4.5625,6.7,139.281,0.0,7.4
2025-10-26 10:37:30,0.0,4.5625,6.7,139.281,0.0,7.3
2025-10-26 10:37:35,0.0,4.5625,6.7,139.281,0.0,7.3
2025-10-26 10:37:41,0.0,4.5625,6.7,139.281,0.0,7.3
2025-10-26 10:37:46,0.0,4.5625,6.7,139.281,0.0,7.4
2025-10-26 10:37:51,0.0,4.5625,6.7,139.281,0.0,7.4
2025-10-26 10:37:56,0.0,4.5625,6.7,139.281,0.0,7.3
2025-10-26 10:38:02,0.0,4.5625,6.7,139.281,0.0,7.3
2025-10-26 10:38:07,0.0,4.5625,6.7,139.281,0.0,7.4
2025-10-26 10:38:12,0.0,4.5625,6.7,139.281,0.0,7.4
2025-10-26 10:38:17,0.0,4.5625,6.7,139.281,0.0,7.4
2025-10-26 10:38:23,0.0,4.5625,6.7,139.281,0.0,7.4
2025-10-26 10:38:28,0.0,4.5625,6.7,139.281,50.0,7.4
2025-10-26 10:38:33,0.0,4.5625,6.7,139.281,0.0,7.4
2025-10-26 10:38:38,0.0,4.5625,6.7,139.281,0.0,7.3
2025-10-26 10:38:44,0.0,4.5625,6.7,139.281,0.0,7.4
2025-10-26 10:38:49,0.0,4.5625,6.7,139.281,33.3,7.3
2025-10-26 10:38:54,0.0,4.5625,6.7,139.281,0.0,7.3
2025-10-26 10:38:59,0.0,4.5625,6.7,139.281,0.0,7.3
2025-10-26 10:39:05,0.0,4.5625,6.7,139.281,0.0,7.3
2025-10-26 10:39:10,0.0,4.5625,6.7,139.281,0.0,7.4
2025-10-26 10:39:15,0.0,4.5625,6.7,139.281,0.0,7.4
2025-10-26 10:39:21,0.0,4.5625,6.7,139.281,0.0,7.3
2025-10-26 10:39:26,0.0,4.5625,6.7,139.281,0.0,7.3
2025-10-26 10:39:31,0.0,4.5625,6.7,139.281,0.0,7.3
2025-10-26 10:39:36,0.0,4.5625,6.7,139.281,0.0,7.3
2025-10-26 10:39:42,0.0,4.5625,6.7,139.281,0.0,7.4
2025-10-26 10:39:47,0.0,4.5625,6.7,139.281,0.0,7.4
2025-10-26 10:39:52,0.0,4.5625,6.7,139.281,0.0,7.4
2025-10-26 10:39:57,0.0,4.5625,6.7,139.281,0.0,7.4
2025-10-26 10:40:03,0.0,4.5625,6.7,139.281,0.0,7.3
2025-10-26 10:40:08,0.0,4.5625,6.7,139.281,0.0,7.3
2025-10-26 10:40:13,0.0,4.5625,6.7,139.281,0.0,7.4
2025-10-26 10:40:18,0.0,4.5625,6.7,139.281,0.0,7.4
2025-10-26 10:40:24,0.0,4.5625,6.7,139.281,0.0,7.4
2025-10-26 10:40:29,0.0,4.5625,6.7,139.281,0.0,7.3
2025-10-26 10:40:34,0.0,4.5625,6.7,139.281,0.0,7.4
2025-10-26 10:40:40,0.0,4.5625,6.7,139.281,0.0,7.4
2025-10-26 10:40:45,0.0,4.5625,6.7,139.281,0.0,7.4
2025-10-26 10:40:50,0.0,4.5625,6.7,139.281,0.0,7.4
2025-10-26 10:40:55,0.0,4.5625,6.7,139.281,0.0,7.3
2025-10-26 10:41:01,0.0,4.5625,6.7,139.281,0.0,7.4
2025-10-26 10:41:06,0.0,4.5625,6.7,139.281,0.0,7.3
2025-10-26 10:41:11,0.0,4.5625,6.7,139.281,0.0,7.3
2025-10-26 10:41:16,0.0,4.5625,6.7,139.281,0.0,7.4
2025-10-26 10:41:22,0.0,4.5625,6.7,139.281,0.0,7.4
2025-10-26 10:41:27,0.0,4.5625,6.7,139.281,0.0,7.4
2025-10-26 10:41:32,0.0,4.5625,6.7,139.281,0.0,7.4
2025-10-26 10:41:37,0.0,4.5625,6.7,139.281,0.0,7.4
2025-10-26 10:41:43,0.0,4.5625,6.7,139.281,33.3,7.4
2025-10-26 10:41:48,0.0,4.5625,6.7,139.281,0.0,7.5
2025-10-26 10:41:53,0.0,4.5625,6.7,139.281,0.0,7.4
2025-10-26 10:41:58,0.0,4.5625,6.7,139.281,0.0,7.3
2025-10-26 10:42:04,0.0,4.5625,6.7,139.281,0.0,7.4
2025-10-26 10:42:09,0.0,4.5625,6.7,139.281,0.0,7.4
2025-10-26 10:42:14,0.0,4.5625,6.7,139.281,0.0,7.4
2025-10-26 10:42:19,0.0,4.5625,6.7,139.281,50.0,7.4
2025-10-26 10:42:25,0.0,4.5625,6.7,139.281,0.0,7.4
2025-10-26 10:42:30,0.0,4.5625,6.7,139.281,0.0,7.4
2025-10-26 10:42:35,0.0,4.5625,6.7,139.281,0.0,7.3
2025-10-26 10:42:41,0.0,4.5625,6.7,139.281,0.0,7.4
2025-10-26 10:42:46,0.0,4.5625,6.7,139.281,0.0,7.4
2025-10-26 10:42:51,0.0,4.5625,6.7,139.281,50.0,7.3
2025-10-26 10:42:56,0.0,4.5625,6.7,139.281,0.0,7.3
2025-10-26 10:43:02,0.0,4.5625,6.7,139.281,0.0,7.4
2025-10-26 10:43:07,0.0,4.5625,6.7,139.281,0.0,7.4
2025-10-26 10:43:12,0.0,4.5625,6.7,139.281,50.0,7.4
2025-10-26 10:43:18,0.0,4.5625,6.7,139.281,0.0,7.3
2025-10-26 10:43:23,0.0,4.5625,6.7,139.281,0.0,7.4
2025-10-26 10:43:28,0.0,4.5625,6.7,139.281,0.0,7.4
2025-10-26 10:43:34,0.0,4.5625,6.7,139.281,0.0,7.3
2025-10-26 10:43:39,0.0,4.5625,6.7,139.281,0.0,7.3
2025-10-26 10:43:44,0.0,4.5625,6.7,139.281,0.0,7.4
2025-10-26 10:43:49,0.0,4.5625,6.7,139.281,0.0,7.4
2025-10-26 10:43:55,0.0,4.5625,6.7,139.281,0.0,7.5
2025-10-26 10:44:00,0.0,4.5625,6.7,139.281,44.4,7.4
2025-10-26 10:44:05,0.0,4.5625,6.7,139.281,0.0,7.4
2025-10-26 10:44:11,0.0,4.5625,6.7,139.281,0.0,7.3
2025-10-26 10:44:16,0.0,4.5625,6.7,139.281,0.0,7.3
2025-10-26 10:44:21,0.0,4.5625,6.7,139.281,0.0,7.4
2025-10-26 10:44:27,0.0,4.5625,6.7,139.281,0.0,7.4
2025-10-26 10:44:32,0.0,4.5625,6.7,139.281,0.0,7.4
2025-10-26 10:44:37,0.0,4.5625,6.7,139.281,0.0,7.4
2025-10-26 10:44:42,0.0,4.5625,6.7,139.281,0.0,7.4
2025-10-26 10:44:48,0.0,4.5625,6.7,139.281,0.0,7.4
2025-10-26 10:44:53,0.0,4.5625,6.7,139.281,0.0,7.3
2025-10-26 10:44:58,0.0,4.5625,6.7,139.281,0.0,7.3
2025-10-26 10:45:03,0.0,4.5625,6.7,139.281,0.0,7.4
2025-10-26 10:45:09,0.0,4.5625,6.7,139.281,0.0,7.4
2025-10-26 10:45:14,0.0,4.5625,6.7,139.281,0.0,7.4
2025-10-26 10:45:19,0.0,4.5625,6.7,139.281,0.0,7.3
2025-10-26 10:45:24,0.0,4.5625,6.7,139.281,0.0,7.3
2025-10-26 10:45:30,0.0,4.5625,6.7,139.281,0.0,7.3
2025-10-26 10:45:35,0.0,4.5625,6.7,139.281,0.0,7.4
2025-10-26 10:45:40,0.0,4.5625,6.7,139.281,0.0,7.4
2025-10-26 10:45:46,0.0,4.5625,6.7,139.281,0.0,7.4
2025-10-26 10:45:51,0.0,4.5625,6.7,139.281,0.0,7.4
2025-10-26 10:45:56,0.0,4.5625,6.7,139.281,0.0,7.5
2025-10-26 10:46:01,0.0,4.5625,6.7,139.281,0.0,7.5
2025-10-26 10:46:07,0.0,4.5625,6.7,139.281,0.0,7.5
2025-10-26 10:46:12,0.0,4.5625,6.7,139.281,0.0,7.5
2025-10-26 10:46:17,0.0,4.5625,6.7,139.281,0.0,7.4
2025-10-26 10:46:22,0.0,4.5625,6.7,139.281,33.3,7.4
2025-10-26 10:46:28,0.0,4.5625,6.7,139.281,0.0,7.3
2025-10-26 10:46:33,0.0,4.5625,6.7,139.281,0.0,7.3
2025-10-26 10:46:38,0.0,4.5625,6.7,139.281,0.0,7.4
2025-10-26 10:46:44,0.0,4.5625,6.7,139.281,33.3,7.4
2025-10-26 10:46:49,0.0,4.5625,6.7,139.281,0.0,7.5
2025-10-26 10:46:54,0.0,4.5625,6.7,139.281,0.0,7.5
2025-10-26 10:46:59,0.0,4.5625,6.7,139.281,0.0,7.3
2025-10-26 10:47:05,0.0,4.5625,6.7,139.281,0.0,7.3
2025-10-26 10:47:10,0.0,4.5625,6.7,139.281,33.3,7.4
2025-10-26 10:47:15,0.0,4.5625,6.7,139.281,0.0,7.3
2025-10-26 10:47:20,0.0,4.5625,6.7,139.281,0.0,7.3
2025-10-26 10:47:26,0.0,4.5625,6.7,139.281,0.0,7.3
2025-10-26 10:47:31,0.0,4.5625,6.7,139.281,0.0,7.4
2025-10-26 10:47:36,0.0,4.5625,6.7,139.281,0.0,7.4
2025-10-26 10:47:42,0.0,4.5625,6.7,139.281,0.0,7.3
2025-10-26 10:47:47,0.0,4.5625,6.7,139.281,0.0,7.4
2025-10-26 10:47:52,0.0,4.5625,6.7,139.281,0.0,7.2
2025-10-26 10:47:57,0.0,4.5625,6.7,139.281,0.0,7.2
2025-10-26 10:48:03,0.0,4.5625,6.7,139.281,0.0,7.2
2025-10-26 10:48:08,0.0,4.5625,6.7,139.281,0.0,7.2
2025-10-26 10:48:13,0.0,4.5625,6.7,139.281,0.0,7.2
2025-10-26 10:48:18,0.0,4.5625,6.7,139.281,0.0,7.2
2025-10-26 10:48:24,0.0,4.5625,6.7,139.281,0.0,7.3
2025-10-26 10:48:29,0.0,4.5625,6.7,139.281,0.0,7.3
2025-10-26 10:48:34,0.0,4.5625,6.7,139.281,0.0,7.3
2025-10-26 10:48:39,0.0,4.5625,6.7,139.281,0.0,7.3
2025-10-26 10:48:45,0.0,4.5625,6.7,139.281,0.0,7.3
2025-10-26 10:48:50,0.0,4.5625,6.7,139.281,50.0,7.3
2025-10-26 10:48:55,0.0,4.5625,6.7,139.281,0.0,7.2
2025-10-26 10:49:00,0.0,4.5625,6.7,139.281,0.0,7.3
2025-10-26 10:49:06,0.0,4.5625,6.7,139.281,0.0,7.3
2025-10-26 10:49:11,0.0,4.5625,6.7,139.281,0.0,7.3
2025-10-26 10:49:16,0.0,4.5625,6.7,139.281,0.0,7.2
2025-10-26 10:49:21,0.0,4.5625,6.7,139.281,0.0,7.2
2025-10-26 10:49:27,0.0,4.5625,6.7,139.281,50.0,7.2
2025-10-26 10:49:32,0.0,4.5625,6.7,139.281,0.0,7.2
2025-10-26 10:49:37,0.0,4.5625,6.7,139.281,0.0,7.2
2025-10-26 10:49:42,0.0,4.5625,6.7,139.281,0.0,7.2
2025-10-26 10:49:48,0.0,4.5625,6.7,139.281,0.0,7.2
2025-10-26 10:49:53,0.0,4.5625,6.7,139.281,0.0,7.3
2025-10-26 10:49:58,0.0,4.5625,6.7,139.281,0.0,7.2
2025-10-26 10:50:04,0.0,4.5625,6.7,139.281,0.0,7.2
2025-10-26 10:50:09,0.0,4.5625,6.7,139.281,0.0,7.3
2025-10-26 10:50:14,0.0,4.5625,6.7,139.281,0.0,7.3
2025-10-26 10:50:19,0.0,4.5625,6.7,139.281,0.0,7.3
2025-10-26 10:50:25,0.0,4.5625,6.7,139.281,0.0,7.3
2025-10-26 10:50:30,0.0,4.5625,6.7,139.281,0.0,7.3
2025-10-26 10:50:35,0.0,4.5625,6.7,139.281,0.0,7.3
2025-10-26 10:50:40,0.0,4.5625,6.7,139.281,0.0,7.3
2025-10-26 10:50:46,0.0,4.5625,6.7,139.281,0.0,7.3
2025-10-26 10:50:51,0.0,4.5625,6.7,139.281,0.0,7.3
2025-10-26 10:50:56,0.0,4.5625,6.7,139.281,50.0,7.3
2025-10-26 10:51:02,0.0,4.5625,6.7,139.281,0.0,7.3
2025-10-26 10:51:07,0.0,4.5625,6.7,139.281,0.0,7.3
2025-10-26 10:51:12,0.0,4.5625,6.7,139.281,0.0,7.2
2025-10-26 10:51:17,0.0,4.5625,6.7,139.281,0.0,7.2
2025-10-26 10:51:23,0.0,4.5625,6.7,139.281,0.0,7.2
2025-10-26 10:51:28,0.0,4.5625,6.7,139.281,0.0,7.3
2025-10-26 10:51:33,0.0,4.5625,6.7,139.281,0.0,7.3
2025-10-26 10:51:38,0.0,4.5625,6.7,139.281,0.0,7.3
2025-10-26 10:51:44,0.0,4.5625,6.7,139.281,0.0,7.3
2025-10-26 10:51:49,0.0,4.5625,6.7,139.281,0.0,7.3
2025-10-26 10:51:54,0.0,4.5625,6.7,139.281,0.0,7.3
2025-10-26 10:51:59,0.0,4.5625,6.7,139.281,0.0,7.3
2025-10-26 10:52:05,0.0,4.5625,6.7,139.281,0.0,7.3
2025-10-26 10:52:10,0.0,4.5625,6.7,139.281,50.0,7.3
2025-10-26 10:52:15,0.0,4.5625,6.7,139.281,0.0,7.3
2025-10-26 10:52:20,0.0,4.5625,6.7,139.281,0.0,7.3
2025-10-26 10:52:26,0.0,4.5625,6.7,139.281,0.0,7.3
2025-10-26 10:52:31,0.0,4.5625,6.7,139.281,0.0,7.3
2025-10-26 10:52:36,0.0,4.5625,6.7,139.281,0.0,7.2
2025-10-26 10:52:42,0.0,4.5625,6.7,139.281,0.0,7.2
2025-10-26 10:52:47,0.0,4.5625,6.7,139.281,0.0,7.2
2025-10-26 10:52:52,0.0,4.5625,6.7,139.281,0.0,7.2
2025-10-26 10:52:57,0.0,4.5625,6.7,139.281,0.0,7.2
2025-10-26 10:53:03,0.0,4.5625,6.7,139.281,33.3,7.2
2025-10-26 10:53:08,0.0,4.5625,6.7,139.281,33.3,7.2
2025-10-26 10:53:13,0.0,4.5625,6.7,139.281,0.0,7.2
