timestamp,sniffer_rss,sniffer_vsz,detector_rss,detector_vsz,system_free,system_available
2025-10-26 08:53:15.4,5625.9,79688.139,281.447,492.7303,7360,
2025-10-26 08:53:20.4,5625.9,79688.139,281.447,492.7303,7360,
2025-10-26 08:53:25.4,5625.9,79688.139,281.447,492.7305,7362,
2025-10-26 08:53:31.4,5625.9,79688.139,281.447,492.7305,7362,
2025-10-26 08:53:36.4,5625.9,79688.139,281.447,492.7304,7361,
2025-10-26 08:53:41.4,5625.9,79688.139,281.447,492.7302,7359,
2025-10-26 08:53:46.4,5625.9,79688.139,281.447,492.7298,7356,
2025-10-26 08:53:52.4,5625.9,79688.139,281.447,492.7304,7369,
2025-10-26 08:53:57.4,5625.9,79688.139,281.447,492.7312,7369,
2025-10-26 08:54:02.4,5625.9,79688.139,281.447,492.7309,7366,
2025-10-26 08:54:07.4,5625.9,79688.139,281.447,492.7309,7373,
2025-10-26 08:54:13.4,5625.9,79688.139,281.447,492.7314,7371,
2025-10-26 08:54:18.4,5625.9,79688.139,281.447,492.7306,7364,
2025-10-26 08:54:23.4,5625.9,79688.139,281.447,492.7306,7363,
2025-10-26 08:54:28.4,5625.9,79688.139,281.447,492.7313,7370,
2025-10-26 08:54:34.4,5625.9,79688.139,281.447,492.7312,7369,
2025-10-26 08:54:39.4,5625.9,79688.139,281.447,492.7310,7367,
2025-10-26 08:54:44.4,5625.9,79688.139,281.447,492.7307,7364,
2025-10-26 08:54:50.4,5625.9,79688.139,281.447,492.7306,7364,
2025-10-26 08:54:55.4,5625.9,79688.139,281.447,492.7305,7363,
2025-10-26 08:55:00.4,5625.9,79688.139,281.447,492.7310,7368,
2025-10-26 08:55:05.4,5625.9,79688.139,281.447,492.7309,7367,
2025-10-26 08:55:11.4,5625.9,79688.139,281.447,492.7305,7363,
2025-10-26 08:55:16.4,5625.9,79688.139,281.447,492.7303,7361,
2025-10-26 08:55:21.4,5625.9,79688.139,281.447,492.7303,7361,
2025-10-26 08:55:27.4,5625.9,79688.139,281.447,492.7286,7351,
2025-10-26 08:55:32.4,5625.9,79688.139,281.447,492.7311,7369,
2025-10-26 08:55:37.4,5625.9,79688.139,281.447,492.7304,7362,
2025-10-26 08:55:43.4,5625.9,79688.139,281.447,492.7303,7368,
2025-10-26 08:55:48.4,5625.9,79688.139,281.447,492.7305,7364,
2025-10-26 08:55:53.4,5625.9,79688.139,281.447,492.7303,7362,
2025-10-26 08:55:58.4,5625.9,79688.139,281.447,492.7303,7362,
2025-10-26 08:56:04.4,5625.9,79688.139,281.447,492.7310,7368,
2025-10-26 08:56:09.4,5625.9,79688.139,281.447,492.7309,7367,
2025-10-26 08:56:14.4,5625.9,79688.139,281.447,492.7306,7365,
2025-10-26 08:56:20.4,5625.9,79688.139,281.447,492.7309,7367,
2025-10-26 08:56:25.4,5625.9,79688.139,281.447,492.7306,7365,
2025-10-26 08:56:30.4,5625.9,79688.139,281.447,492.7312,7371,
2025-10-26 08:56:35.4,5625.9,79688.139,281.447,492.7312,7370,
2025-10-26 08:56:41.4,5625.9,79688.139,281.447,492.7302,7360,
2025-10-26 08:56:46.4,5625.9,79688.139,281.447,492.7300,7358,
2025-10-26 08:56:51.4,5625.9,79688.139,281.447,492.7305,7364,
2025-10-26 08:56:57.4,5625.9,79688.139,281.447,492.7303,7362,
2025-10-26 08:57:02.4,5625.9,79688.139,281.447,492.7307,7366,
2025-10-26 08:57:07.4,5625.9,79688.139,281.447,492.7306,7365,
2025-10-26 08:57:12.4,5625.9,79688.139,281.447,492.7304,7362,
2025-10-26 08:57:18.4,5625.9,79688.139,281.447,492.7308,7367,
2025-10-26 08:57:23.4,5625.9,79688.139,281.447,492.7301,7360,
2025-10-26 08:57:28.4,5625.9,79688.139,281.447,492.7301,7360,
2025-10-26 08:57:33.4,5625.9,79688.139,281.447,492.7296,7355,
2025-10-26 08:57:39.4,5625.9,79688.139,281.447,492.7296,7355,
2025-10-26 08:57:44.4,5625.9,79688.139,281.447,492.7308,7367,
2025-10-26 08:57:49.4,5625.9,79688.139,281.447,492.7307,7366,
2025-10-26 08:57:54.4,5625.9,79688.139,281.447,492.7306,7365,
2025-10-26 08:58:00.4,5625.9,79688.139,281.447,492.7302,7361,
2025-10-26 08:58:05.4,5625.9,79688.139,281.447,492.7296,7355,
2025-10-26 08:58:10.4,5625.9,79688.139,281.447,492.7296,7355,
2025-10-26 08:58:16.4,5625.9,79688.139,281.447,492.7313,7372,
2025-10-26 08:58:21.4,5625.9,79688.139,281.447,492.7301,7360,
2025-10-26 08:58:26.4,5625.9,79688.139,281.447,492.7301,7360,
2025-10-26 08:58:32.4,5625.9,79688.139,281.447,492.7305,7364,
2025-10-26 08:58:37.4,5625.9,79688.139,281.447,492.7304,7363,
2025-10-26 08:58:42.4,5625.9,79688.139,281.447,492.7299,7358,
2025-10-26 08:58:47.4,5625.9,79688.139,281.447,492.7303,7363,
2025-10-26 08:58:53.4,5625.9,79688.139,281.447,492.7297,7356,
2025-10-26 08:58:58.4,5625.9,79688.139,281.447,492.7295,7355,
2025-10-26 08:59:03.4,5625.9,79688.139,281.447,492.7315,7374,
2025-10-26 08:59:08.4,5625.9,79688.139,281.447,492.7312,7372,
2025-10-26 08:59:14.4,5625.9,79688.139,281.447,492.7309,7369,
2025-10-26 08:59:19.4,5625.9,79688.139,281.447,492.7310,7370,
2025-10-26 08:59:24.4,5625.9,79688.139,281.447,492.7299,7358,
2025-10-26 08:59:30.4,5625.9,79688.139,281.447,492.7304,7364,
2025-10-26 08:59:35.4,5625.9,79688.139,281.447,492.7300,7360,
2025-10-26 08:59:40.4,5625.9,79688.139,281.447,492.7307,7367,
2025-10-26 08:59:45.4,5625.9,79688.139,281.447,492.7306,7366,
2025-10-26 08:59:51.4,5625.9,79688.139,281.447,492.7305,7365,
2025-10-26 08:59:56.4,5625.9,79688.139,281.447,492.7302,7362,
2025-10-26 09:00:01.4,5625.9,79688.139,281.447,492.7308,7368,
2025-10-26 09:00:07.4,5625.9,79688.139,281.447,492.7308,7368,
2025-10-26 09:00:12.4,5625.9,79688.139,281.447,492.7306,7366,
2025-10-26 09:00:17.4,5625.9,79688.139,281.447,492.7300,7360,
2025-10-26 09:00:22.4,5625.9,79688.139,281.447,492.7299,7359,
2025-10-26 09:00:28.4,5625.9,79688.139,281.447,492.7302,7362,
2025-10-26 09:00:33.4,5625.9,79688.139,281.447,492.7301,7361,
2025-10-26 09:00:38.4,5625.9,79688.139,281.447,492.7307,7367,
2025-10-26 09:00:43.4,5625.9,79688.139,281.447,492.7305,7365,
2025-10-26 09:00:49.4,5625.9,79688.139,281.447,492.7302,7362,
2025-10-26 09:00:54.4,5625.9,79688.139,281.447,492.7301,7362,
2025-10-26 09:00:59.4,5625.9,79688.139,281.447,492.7305,7365,
2025-10-26 09:01:04.4,5625.9,79688.139,281.447,492.7305,7365,
2025-10-26 09:01:10.4,5625.9,79688.139,281.447,492.7304,7364,
2025-10-26 09:01:15.4,5625.9,79688.139,281.447,492.7315,7376,
2025-10-26 09:01:20.4,5625.9,79688.139,281.447,492.7312,7373,
2025-10-26 09:01:25.4,5625.9,79688.139,281.447,492.7303,7364,
2025-10-26 09:01:31.4,5625.9,79688.139,281.447,492.7308,7368,
2025-10-26 09:01:36.4,5625.9,79688.139,281.447,492.7297,7357,
2025-10-26 09:01:41.4,5625.9,79688.139,281.447,492.7296,7357,
2025-10-26 09:01:46.4,5625.9,79688.139,281.447,492.7303,7364,
2025-10-26 09:01:52.4,5625.9,79688.139,281.447,492.7302,7363,
2025-10-26 09:01:57.4,5625.9,79688.139,281.447,492.7305,7366,
2025-10-26 09:02:02.4,5625.9,79688.139,281.447,492.7303,7364,
2025-10-26 09:02:08.4,5625.9,79688.139,281.447,492.7306,7367,
2025-10-26 09:02:13.4,5625.9,79688.139,281.447,492.7305,7366,
2025-10-26 09:02:18.4,5625.9,79688.139,281.447,492.7308,7368,
2025-10-26 09:02:23.4,5625.9,79688.139,281.447,492.7305,7366,
2025-10-26 09:02:29.4,5625.9,79688.139,281.447,492.7302,7363,
2025-10-26 09:02:34.4,5625.9,79688.139,281.447,492.7301,7362,
2025-10-26 09:02:39.4,5625.9,79688.139,281.447,492.7297,7358,
2025-10-26 09:02:44.4,5625.9,79688.139,281.447,492.7297,7358,
2025-10-26 09:02:50.4,5625.9,79688.139,281.447,492.7306,7367,
2025-10-26 09:02:55.4,5625.9,79688.139,281.447,492.7306,7367,
2025-10-26 09:03:00.4,5625.9,79688.139,281.447,492.7300,7361,
2025-10-26 09:03:06.4,5625.9,79688.139,281.447,492.7298,7359,
2025-10-26 09:03:11.4,5625.9,79688.139,281.447,492.7302,7363,
2025-10-26 09:03:16.4,5625.9,79688.139,281.447,492.7301,7362,
2025-10-26 09:03:21.4,5625.9,79688.139,281.447,492.7301,7362,
2025-10-26 09:03:27.4,5625.9,79688.139,281.447,492.7300,7362,
2025-10-26 09:03:32.4,5625.9,79688.139,281.447,492.7308,7370,
2025-10-26 09:03:37.4,5625.9,79688.139,281.447,492.7304,7365,
2025-10-26 09:03:43.4,5625.9,79688.139,281.447,492.7301,7362,
2025-10-26 09:03:48.4,5625.9,79688.139,281.447,492.7306,7367,
2025-10-26 09:03:53.4,5625.9,79688.139,281.447,492.7305,7367,
2025-10-26 09:03:58.4,5625.9,79688.139,281.447,492.7301,7363,
2025-10-26 09:04:04.4,5625.9,79688.139,281.447,492.7299,7360,
2025-10-26 09:04:09.4,5625.9,79688.139,281.447,492.7292,7354,
2025-10-26 09:04:14.4,5625.9,79688.139,281.447,492.7291,7353,
2025-10-26 09:04:19.4,5625.9,79688.139,281.447,492.7301,7362,
2025-10-26 09:04:25.4,5625.9,79688.139,281.447,492.7299,7360,
2025-10-26 09:04:30.4,5625.9,79688.139,281.447,492.7301,7363,
2025-10-26 09:04:35.4,5625.9,79688.139,281.447,492.7303,7364,
2025-10-26 09:04:41.4,5625.9,79688.139,281.447,492.7299,7360,
2025-10-26 09:04:46.4,5625.9,79688.139,281.447,492.7304,7365,
2025-10-26 09:04:51.4,5625.9,79688.139,281.447,492.7303,7365,
2025-10-26 09:04:56.4,5625.9,79688.139,281.447,492.7303,7365,
2025-10-26 09:05:02.4,5625.9,79688.139,281.447,492.7308,7369,
2025-10-26 09:05:07.4,5625.9,79688.139,281.447,492.7304,7365,
2025-10-26 09:05:12.4,5625.9,79688.139,281.447,492.7294,7356,
2025-10-26 09:05:17.4,5625.9,79688.139,281.447,492.7292,7353,
2025-10-26 09:05:23.4,5625.9,79688.139,281.447,492.7300,7361,
2025-10-26 09:05:28.4,5625.9,79688.139,281.447,492.7299,7360,
2025-10-26 09:05:33.4,5625.9,79688.139,281.447,492.7301,7363,
2025-10-26 09:05:38.4,5625.9,79688.139,281.447,492.7305,7367,
2025-10-26 09:05:44.4,5625.9,79688.139,281.447,492.7301,7363,
2025-10-26 09:05:49.4,5625.9,79688.139,281.447,492.7301,7363,
2025-10-26 09:05:54.4,5625.9,79688.139,281.447,492.7294,7356,
2025-10-26 09:05:59.4,5625.9,79688.139,281.447,492.7294,7356,
2025-10-26 09:06:05.4,5625.9,79688.139,281.447,492.7286,7348,
2025-10-26 09:06:10.4,5625.9,79688.139,281.447,492.7286,7348,
2025-10-26 09:06:15.4,5625.9,79688.139,281.447,492.7303,7366,
2025-10-26 09:06:21.4,5625.9,79688.139,281.447,492.7301,7363,
2025-10-26 09:06:26.4,5625.9,79688.139,281.447,492.7299,7361,
2025-10-26 09:06:31.4,5625.9,79688.139,281.447,492.7306,7368,
2025-10-26 09:06:36.4,5625.9,79688.139,281.447,492.7306,7368,
2025-10-26 09:06:42.4,5625.9,79688.139,281.447,492.7304,7366,
2025-10-26 09:06:47.4,5625.9,79688.139,281.447,492.7295,7358,
2025-10-26 09:06:52.4,5625.9,79688.139,281.447,492.7294,7357,
2025-10-26 09:06:58.4,5625.9,79688.139,281.447,492.7306,7369,
2025-10-26 09:07:03.4,5625.9,79688.139,281.447,492.7303,7366,
2025-10-26 09:07:08.4,5625.9,79688.139,281.447,492.7298,7361,
2025-10-26 09:07:14.4,5625.9,79688.139,281.447,492.7285,7346,
2025-10-26 09:07:19.4,5625.9,79688.139,281.447,492.7302,7365,
2025-10-26 09:07:24.4,5625.9,79688.139,281.447,492.7293,7356,
2025-10-26 09:07:30.4,5625.9,79688.139,281.447,492.7293,7356,
2025-10-26 09:07:35.4,5625.9,79688.139,281.447,492.7297,7360,
2025-10-26 09:07:40.4,5625.9,79688.139,281.447,492.7297,7360,
2025-10-26 09:07:45.4,5625.9,79688.139,281.447,492.7306,7368,
2025-10-26 09:07:51.4,5625.9,79688.139,281.447,492.7311,7373,
2025-10-26 09:07:56.4,5625.9,79688.139,281.447,492.7293,7356,
2025-10-26 09:08:01.4,5625.9,79688.139,281.447,492.7299,7362,
2025-10-26 09:08:06.4,5625.9,79688.139,281.447,492.7305,7368,
2025-10-26 09:08:12.4,5625.9,79688.139,281.447,492.7303,7367,
2025-10-26 09:08:17.4,5625.9,79688.139,281.447,492.7297,7361,
2025-10-26 09:08:22.4,5625.9,79688.139,281.447,492.7295,7359,
2025-10-26 09:08:27.4,5625.9,79688.139,281.447,492.7305,7368,
2025-10-26 09:08:33.4,5625.9,79688.139,281.447,492.7304,7368,
2025-10-26 09:08:38.4,5625.9,79688.139,281.447,492.7248,7357,
2025-10-26 09:08:43.4,5625.9,79688.139,281.447,492.7248,7357,
2025-10-26 09:08:48.4,5625.9,79688.139,281.447,492.7252,7361,
2025-10-26 09:08:54.4,5625.9,79688.139,281.447,492.7256,7365,
2025-10-26 09:08:59.4,5625.9,79688.139,281.447,492.7255,7364,
2025-10-26 09:09:04.4,5625.9,79688.139,281.447,492.7254,7363,
2025-10-26 09:09:10.4,5625.9,79688.139,281.447,492.7250,7359,
2025-10-26 09:09:15.4,5625.9,79688.139,281.447,492.7250,7359,
2025-10-26 09:09:20.4,5625.9,79688.139,281.447,492.7252,7361,
2025-10-26 09:09:25.4,5625.9,79688.139,281.447,492.7251,7360,
2025-10-26 09:09:31.4,5625.9,79688.139,281.447,492.7256,7365,
2025-10-26 09:09:36.4,5625.9,79688.139,281.447,492.7254,7363,
2025-10-26 09:09:41.4,5625.9,79688.139,281.447,492.7248,7357,
2025-10-26 09:09:46.4,5625.9,79688.139,281.447,492.7247,7356,
2025-10-26 09:09:52.4,5625.9,79688.139,281.447,492.7255,7364,
2025-10-26 09:09:57.4,5625.9,79688.139,281.447,492.7252,7361,
2025-10-26 09:10:02.4,5625.9,79688.139,281.447,492.7243,7353,
2025-10-26 09:10:08.4,5625.9,79688.139,281.447,492.7243,7353,
2025-10-26 09:10:13.4,5625.9,79688.139,281.447,492.7249,7358,
2025-10-26 09:10:18.4,5625.9,79688.139,281.447,492.7246,7356,
2025-10-26 09:10:23.4,5625.9,79688.139,281.447,492.7256,7366,
2025-10-26 09:10:29.4,5625.9,79688.139,281.447,492.7251,7359,
2025-10-26 09:10:34.4,5625.9,79688.139,281.447,492.7246,7356,
2025-10-26 09:10:39.4,5625.9,79688.139,281.447,492.7254,7364,
2025-10-26 09:10:45.4,5625.9,79688.139,281.447,492.7252,7362,
2025-10-26 09:10:50.4,5625.9,79688.139,281.447,492.7253,7363,
2025-10-26 09:10:55.4,5625.9,79688.139,281.447,492.7251,7361,
2025-10-26 09:11:00.4,5625.9,79688.139,281.447,492.7251,7361,
2025-10-26 09:11:06.4,5625.9,79688.139,281.447,492.7250,7360,
2025-10-26 09:11:11.4,5625.9,79688.139,281.447,492.7247,7357,
2025-10-26 09:11:16.4,5625.9,79688.139,281.447,492.7247,7357,
2025-10-26 09:11:21.4,5625.9,79688.139,281.447,492.7260,7370,
2025-10-26 09:11:27.4,5625.9,79688.139,281.447,492.7257,7367,
2025-10-26 09:11:32.4,5625.9,79688.139,281.447,492.7250,7361,
2025-10-26 09:11:37.4,5625.9,79688.139,281.447,492.7250,7361,
2025-10-26 09:11:43.4,5625.9,79688.139,281.447,492.7253,7363,
2025-10-26 09:11:48.4,5625.9,79688.139,281.447,492.7259,7370,
2025-10-26 09:11:53.4,5625.9,79688.139,281.447,492.7257,7367,
2025-10-26 09:11:58.4,5625.9,79688.139,281.447,492.7254,7365,
2025-10-26 09:12:04.4,5625.9,79688.139,281.447,492.7259,7370,
2025-10-26 09:12:09.4,5625.9,79688.139,281.447,492.7263,7373,
2025-10-26 09:12:14.4,5625.9,79688.139,281.447,492.7254,7365,
2025-10-26 09:12:20.4,5625.9,79688.139,281.447,492.7252,7363,
2025-10-26 09:12:28.4,5625.9,79688.139,281.447,492.7250,7360,
2025-10-26 09:12:35.4,5625.9,79688.139,281.447,492.7249,7360,
2025-10-26 09:12:40.4,5625.9,79688.139,281.447,492.7253,7364,
2025-10-26 09:12:45.4,5625.9,79688.139,281.447,492.7250,7361,
2025-10-26 09:12:51.4,5625.9,79688.139,281.447,492.7252,7363,
2025-10-26 09:12:56.4,5625.9,79688.139,281.447,492.7251,7362,
2025-10-26 09:13:01.4,5625.9,79688.139,281.447,492.7247,7359,
2025-10-26 09:13:07.4,5625.9,79688.139,281.447,492.7247,7359,
2025-10-26 09:13:12.4,5625.9,79688.139,281.447,492.7242,7353,
2025-10-26 09:13:17.4,5625.9,79688.139,281.447,492.7255,7366,
2025-10-26 09:13:22.4,5625.9,79688.139,281.447,492.7250,7361,
2025-10-26 09:13:28.4,5625.9,79688.139,281.447,492.7241,7352,
2025-10-26 09:13:33.4,5625.9,79688.139,281.447,492.7246,7357,
2025-10-26 09:13:38.4,5625.9,79688.139,281.447,492.7246,7358,
2025-10-26 09:13:44.4,5625.9,79688.139,281.447,492.7257,7369,
2025-10-26 09:13:49.4,5625.9,79688.139,281.447,492.7255,7366,
2025-10-26 09:13:54.4,5625.9,79688.139,281.447,492.7253,7365,
2025-10-26 09:13:59.4,5625.9,79688.139,281.447,492.7248,7360,
2025-10-26 09:14:05.4,5625.9,79688.139,281.447,492.7248,7359,
2025-10-26 09:14:10.4,5625.9,79688.139,281.447,492.7252,7364,
2025-10-26 09:14:15.4,5625.9,79688.139,281.447,492.7252,7363,
2025-10-26 09:14:20.4,5625.9,79688.139,281.447,492.7244,7356,
2025-10-26 09:14:26.4,5625.9,79688.139,281.447,492.7243,7354,
2025-10-26 09:14:31.4,5625.9,79688.139,281.447,492.7253,7365,
2025-10-26 09:14:36.4,5625.9,79688.139,281.447,492.7253,7365,
2025-10-26 09:14:41.4,5625.9,79688.139,281.447,492.7253,7365,
2025-10-26 09:14:47.4,5625.9,79688.139,281.447,492.7257,7369,
2025-10-26 09:14:52.4,5625.9,79688.139,281.447,492.7244,7356,
2025-10-26 09:14:57.4,5625.9,79688.139,281.447,492.7249,7360,
2025-10-26 09:15:03.4,5625.9,79688.139,281.447,492.7251,7363,
2025-10-26 09:15:08.4,5625.9,79688.139,281.447,492.7250,7362,
2025-10-26 09:15:13.4,5625.9,79688.139,281.447,492.7246,7358,
2025-10-26 09:15:18.4,5625.9,79688.139,281.447,492.7245,7357,
2025-10-26 09:15:24.4,5625.9,79688.139,281.447,492.7252,7364,
2025-10-26 09:15:29.4,5625.9,79688.139,281.447,492.7250,7362,
2025-10-26 09:15:34.4,5625.9,79688.139,281.447,492.7243,7355,
2025-10-26 09:15:39.4,5625.9,79688.139,281.447,492.7248,7360,
2025-10-26 09:15:45.4,5625.9,79688.139,281.447,492.7253,7365,
2025-10-26 09:15:50.4,5625.9,79688.139,281.447,492.7256,7368,
2025-10-26 09:15:55.4,5625.9,79688.139,281.447,492.7258,7370,
2025-10-26 09:16:00.4,5625.9,79688.139,281.447,492.7255,7368,
2025-10-26 09:16:06.4,5625.9,79688.139,281.447,492.7247,7359,
2025-10-26 09:16:11.4,5625.9,79688.139,281.447,492.7247,7359,
2025-10-26 09:16:16.4,5625.9,79688.139,281.447,492.7250,7362,
2025-10-26 09:16:21.4,5625.9,79688.139,281.447,492.7247,7359,
2025-10-26 09:16:27.4,5625.9,79688.139,281.447,492.7253,7365,
2025-10-26 09:16:32.4,5625.9,79688.139,281.447,492.7251,7364,
2025-10-26 09:16:37.4,5625.9,79688.139,281.447,492.7245,7358,
2025-10-26 09:16:42.4,5625.9,79688.139,281.447,492.7251,7364,
2025-10-26 09:16:48.4,5625.9,79688.139,281.447,492.7242,7354,
2025-10-26 09:16:53.4,5625.9,79688.139,281.447,492.7249,7362,
2025-10-26 09:16:58.4,5625.9,79688.139,281.447,492.7249,7362,
2025-10-26 09:17:03.4,5625.9,79688.139,281.447,492.7246,7358,
2025-10-26 09:17:09.4,5625.9,79688.139,281.447,492.7255,7367,
2025-10-26 09:17:14.4,5625.9,79688.139,281.447,492.7241,7357,
2025-10-26 09:17:19.4,5625.9,79688.139,281.447,492.7250,7363,
2025-10-26 09:17:25.4,5625.9,79688.139,281.447,492.7244,7357,
2025-10-26 09:17:30.4,5625.9,79688.139,281.447,492.7242,7355,
2025-10-26 09:17:35.4,5625.9,79688.139,281.447,492.7237,7350,
2025-10-26 09:17:40.4,5625.9,79688.139,281.447,492.7237,7350,
2025-10-26 09:17:46.4,5625.9,79688.139,281.447,492.7248,7361,
2025-10-26 09:17:51.4,5625.9,79688.139,281.447,492.7253,7365,
2025-10-26 09:17:57.4,5625.9,79688.139,281.447,492.7247,7360,
2025-10-26 09:18:02.4,5625.9,79688.139,281.447,492.7245,7358,
2025-10-26 09:18:07.4,5625.9,79688.139,281.447,492.7246,7359,
2025-10-26 09:18:12.4,5625.9,79688.139,281.447,492.7246,7359,
2025-10-26 09:18:18.4,5625.9,79688.139,281.447,492.7244,7357,
2025-10-26 09:18:23.4,5625.9,79688.139,281.447,492.7243,7356,
2025-10-26 09:18:28.4,5625.9,79688.139,281.447,492.7247,7360,
2025-10-26 09:18:33.4,5625.9,79688.139,281.447,492.7246,7359,
2025-10-26 09:18:39.4,5625.9,79688.139,281.447,492.7248,7361,
2025-10-26 09:18:44.4,5625.9,79688.139,281.447,492.7248,7361,
2025-10-26 09:18:49.4,5625.9,79688.139,281.447,492.7250,7363,
2025-10-26 09:18:55.4,5625.9,79688.139,281.447,492.7249,7362,
2025-10-26 09:19:00.4,5625.9,79688.139,281.447,492.7245,7358,
2025-10-26 09:19:05.4,5625.9,79688.139,281.447,492.7250,7364,
2025-10-26 09:19:10.4,5625.9,79688.139,281.447,492.7244,7357,
2025-10-26 09:19:16.4,5625.9,79688.139,281.447,492.7242,7355,
2025-10-26 09:19:21.4,5625.9,79688.139,281.447,492.7245,7359,
2025-10-26 09:19:26.4,5625.9,79688.139,281.447,492.7252,7366,
2025-10-26 09:19:31.4,5625.9,79688.139,281.447,492.7240,7354,
2025-10-26 09:19:37.4,5625.9,79688.139,281.447,492.7246,7360,
2025-10-26 09:19:42.4,5625.9,79688.139,281.447,492.7248,7361,
2025-10-26 09:19:47.4,5625.9,79688.139,281.447,492.7247,7361,
2025-10-26 09:19:53.4,5625.9,79688.139,281.447,492.7246,7359,
2025-10-26 09:19:58.4,5625.9,79688.139,281.447,492.7246,7359,
2025-10-26 09:20:03.4,5625.9,79688.139,281.447,492.7248,7362,
2025-10-26 09:20:08.4,5625.9,79688.139,281.447,492.7246,7359,
2025-10-26 09:20:14.4,5625.9,79688.139,281.447,492.7235,7349,
2025-10-26 09:20:19.4,5625.9,79688.139,281.447,492.7234,7348,
2025-10-26 09:20:24.4,5625.9,79688.139,281.447,492.7244,7358,
2025-10-26 09:20:30.4,5625.9,79688.139,281.447,492.7243,7357,
2025-10-26 09:20:35.4,5625.9,79688.139,281.447,492.7249,7363,
2025-10-26 09:20:40.4,5625.9,79688.139,281.447,492.7241,7356,
2025-10-26 09:20:45.4,5625.9,79688.139,281.447,492.7247,7361,
2025-10-26 09:20:51.4,5625.9,79688.139,281.447,492.7239,7353,
2025-10-26 09:20:56.4,5625.9,79688.139,281.447,492.7244,7358,
2025-10-26 09:21:01.4,5625.9,79688.139,281.447,492.7245,7360,
2025-10-26 09:21:07.4,5625.9,79688.139,281.447,492.7248,7363,
2025-10-26 09:21:12.4,5625.9,79688.139,281.447,492.7238,7353,
2025-10-26 09:21:17.4,5625.9,79688.139,281.447,492.7245,7360,
2025-10-26 09:21:22.4,5625.9,79688.139,281.447,492.7243,7357,
2025-10-26 09:21:28.4,5625.9,79688.139,281.447,492.7250,7364,
2025-10-26 09:21:33.4,5625.9,79688.139,281.447,492.7242,7356,
2025-10-26 09:21:38.4,5625.9,79688.139,281.447,492.7245,7360,
2025-10-26 09:21:44.4,5625.9,79688.139,281.447,492.7244,7358,
2025-10-26 09:21:49.4,5625.9,79688.139,281.447,492.7243,7358,
2025-10-26 09:21:54.4,5625.9,79688.139,281.447,492.7245,7359,
2025-10-26 09:21:59.4,5625.9,79688.139,281.447,492.7243,7358,
2025-10-26 09:22:05.4,5625.9,79688.139,281.447,492.7238,7352,
2025-10-26 09:22:10.4,5625.9,79688.139,281.447,492.7236,7351,
2025-10-26 09:22:15.4,5625.9,79688.139,281.447,492.7239,7354,
2025-10-26 09:22:20.4,5625.9,79688.139,281.447,492.7238,7353,
2025-10-26 09:22:26.4,5625.9,79688.139,281.447,492.7244,7359,
2025-10-26 09:22:31.4,5625.9,79688.139,281.447,492.7248,7363,
2025-10-26 09:22:36.4,5625.9,79688.139,281.447,492.7248,7363,
2025-10-26 09:22:41.4,5625.9,79688.139,281.447,492.7246,7361,
2025-10-26 09:22:47.4,5625.9,79688.139,281.447,492.7239,7353,
2025-10-26 09:22:52.4,5625.9,79688.139,281.447,492.7239,7353,
2025-10-26 09:22:57.4,5625.9,79688.139,281.447,492.7241,7356,
2025-10-26 09:23:02.4,5625.9,79688.139,281.447,492.7241,7356,
2025-10-26 09:23:08.4,5625.9,79688.139,281.447,492.7240,7355,
2025-10-26 09:23:13.4,5625.9,79688.139,281.447,492.7240,7362,
2025-10-26 09:23:18.4,5625.9,79688.139,281.447,492.7253,7368,
2025-10-26 09:23:24.4,5625.9,79688.139,281.447,492.7249,7364,
2025-10-26 09:23:29.4,5625.9,79688.139,281.447,492.7244,7359,
2025-10-26 09:23:34.4,5625.9,79688.139,281.447,492.7244,7359,
2025-10-26 09:23:39.4,5625.9,79688.139,281.447,492.7242,7357,
2025-10-26 09:23:45.4,5625.9,79688.139,281.447,492.7241,7356,
2025-10-26 09:23:50.4,5625.9,79688.139,281.447,492.7240,7355,
2025-10-26 09:23:55.4,5625.9,79688.139,281.447,492.7236,7351,
2025-10-26 09:24:00.4,5625.9,79688.139,281.447,492.7249,7364,
2025-10-26 09:24:06.4,5625.9,79688.139,281.447,492.7247,7362,
2025-10-26 09:24:11.4,5625.9,79688.139,281.447,492.7244,7360,
2025-10-26 09:24:16.4,5625.9,79688.139,281.447,492.7251,7366,
2025-10-26 09:24:22.4,5625.9,79688.139,281.447,492.7236,7351,
2025-10-26 09:24:27.4,5625.9,79688.139,281.447,492.7243,7358,
2025-10-26 09:24:32.4,5625.9,79688.139,281.447,492.7235,7351,
2025-10-26 09:24:37.4,5625.9,79688.139,281.447,492.7242,7358,
2025-10-26 09:24:43.4,5625.9,79688.139,281.447,492.7247,7362,
2025-10-26 09:24:48.4,5625.9,79688.139,281.447,492.7237,7352,
2025-10-26 09:24:53.4,5625.9,79688.139,281.447,492.7245,7361,
2025-10-26 09:24:59.4,5625.9,79688.139,281.447,492.7247,7363,
2025-10-26 09:25:04.4,5625.9,79688.139,281.447,492.7246,7361,
2025-10-26 09:25:09.4,5625.9,79688.139,281.447,492.7238,7354,
2025-10-26 09:25:15.4,5625.9,79688.139,281.447,492.7238,7354,
2025-10-26 09:25:20.4,5625.9,79688.139,281.447,492.7246,7362,
2025-10-26 09:25:25.4,5625.9,79688.139,281.447,492.7244,7360,
2025-10-26 09:25:30.4,5625.9,79688.139,281.447,492.7247,7363,
2025-10-26 09:25:36.4,5625.9,79688.139,281.447,492.7245,7361,
2025-10-26 09:25:41.4,5625.9,79688.139,281.447,492.7243,7359,
2025-10-26 09:25:46.4,5625.9,79688.139,281.447,492.7242,7358,
2025-10-26 09:25:52.4,5625.9,79688.139,281.447,492.7243,7359,
2025-10-26 09:25:57.4,5625.9,79688.139,281.447,492.7240,7356,
2025-10-26 09:26:02.4,5625.9,79688.139,281.447,492.7238,7354,
2025-10-26 09:26:07.4,5625.9,79688.139,281.447,492.7238,7354,
2025-10-26 09:26:13.4,5625.9,79688.139,281.447,492.7240,7356,
2025-10-26 09:26:18.4,5625.9,79688.139,281.447,492.7239,7355,
2025-10-26 09:26:23.4,5625.9,79688.139,281.447,492.7235,7351,
2025-10-26 09:26:28.4,5625.9,79688.139,281.447,492.7249,7365,
2025-10-26 09:26:34.4,5625.9,79688.139,281.447,492.7238,7354,
2025-10-26 09:26:39.4,5625.9,79688.139,281.447,492.7245,7361,
2025-10-26 09:26:44.4,5625.9,79688.139,281.447,492.7246,7363,
2025-10-26 09:26:49.4,5625.9,79688.139,281.447,492.7246,7362,
2025-10-26 09:26:55.4,5625.9,79688.139,281.447,492.7246,7362,
2025-10-26 09:27:00.4,5625.9,79688.139,281.447,492.7246,7362,
2025-10-26 09:27:05.4,5625.9,79688.139,281.447,492.7243,7360,
2025-10-26 09:27:10.4,5625.9,79688.139,281.447,492.7241,7357,
2025-10-26 09:27:16.4,5625.9,79688.139,281.447,492.7242,7359,
2025-10-26 09:27:21.4,5625.9,79688.139,281.447,492.7242,7358,
2025-10-26 09:27:26.4,5625.9,79688.139,281.447,492.7236,7353,
2025-10-26 09:27:31.4,5625.9,79688.139,281.447,492.7236,7353,
2025-10-26 09:27:37.4,5625.9,79688.139,281.447,492.7238,7355,
2025-10-26 09:27:42.4,5625.9,79688.139,281.447,492.7237,7354,
2025-10-26 09:27:47.4,5625.9,79688.139,281.447,492.7239,7355,
2025-10-26 09:27:53.4,5625.9,79688.139,281.447,492.7238,7355,
2025-10-26 09:27:58.4,5625.9,79688.139,281.447,492.7242,7359,
2025-10-26 09:28:03.4,5625.9,79688.139,281.447,492.7249,7366,
2025-10-26 09:28:08.4,5625.9,79688.139,281.447,492.7238,7355,
2025-10-26 09:28:14.4,5625.9,79688.139,281.447,492.7236,7353,
2025-10-26 09:28:19.4,5625.9,79688.139,281.447,492.7247,7371,
2025-10-26 09:28:24.4,5625.9,79688.139,281.447,492.7251,7368,
2025-10-26 09:28:29.4,5625.9,79688.139,281.447,492.7242,7359,
2025-10-26 09:28:35.4,5625.9,79688.139,281.447,492.7241,7358,
2025-10-26 09:28:40.4,5625.9,79688.139,281.447,492.7240,7357,
2025-10-26 09:28:45.4,5625.9,79688.139,281.447,492.7239,7356,
2025-10-26 09:28:50.4,5625.9,79688.139,281.447,492.7240,7357,
2025-10-26 09:28:56.4,5625.9,79688.139,281.447,492.7224,7341,
2025-10-26 09:29:01.4,5625.9,79688.139,281.447,492.7244,7361,
2025-10-26 09:29:06.4,5625.9,79688.139,281.447,492.7243,7361,
2025-10-26 09:29:12.4,5625.9,79688.139,281.447,492.7239,7357,
2025-10-26 09:29:17.4,5625.9,79688.139,281.447,492.7248,7366,
2025-10-26 09:29:22.4,5625.9,79688.139,281.447,492.7246,7363,
2025-10-26 09:29:28.4,5625.9,79688.139,281.447,492.7233,7351,
2025-10-26 09:29:33.4,5625.9,79688.139,281.447,492.7239,7356,
2025-10-26 09:29:38.4,5625.9,79688.139,281.447,492.7240,7358,
2025-10-26 09:29:44.4,5625.9,79688.139,281.447,492.7238,7355,
2025-10-26 09:29:49.4,5625.9,79688.139,281.447,492.7239,7357,
2025-10-26 09:29:54.4,5625.9,79688.139,281.447,492.7239,7356,
2025-10-26 09:29:59.4,5625.9,79688.139,281.447,492.7242,7360,
2025-10-26 09:30:05.4,5625.9,79688.139,281.447,492.7241,7359,
2025-10-26 09:30:10.4,5625.9,79688.139,281.447,492.7242,7359,
2025-10-26 09:30:15.4,5625.9,79688.139,281.447,492.7239,7357,
2025-10-26 09:30:20.4,5625.9,79688.139,281.447,492.7241,7359,
2025-10-26 09:30:26.4,5625.9,79688.139,281.447,492.7239,7357,
2025-10-26 09:30:31.4,5625.9,79688.139,281.447,492.7239,7357,
2025-10-26 09:30:36.4,5625.9,79688.139,281.447,492.7238,7356,
2025-10-26 09:30:41.4,5625.9,79688.139,281.447,492.7244,7362,
2025-10-26 09:30:47.4,5625.9,79688.139,281.447,492.7241,7359,
2025-10-26 09:30:52.4,5625.9,79688.139,281.447,492.7244,7362,
2025-10-26 09:30:57.4,5625.9,79688.139,281.447,492.7247,7365,
2025-10-26 09:31:02.4,5625.9,79688.139,281.447,492.7236,7354,
2025-10-26 09:31:08.4,5625.9,79688.139,281.447,492.7241,7359,
2025-10-26 09:31:13.4,5625.9,79688.139,281.447,492.7240,7359,
2025-10-26 09:31:18.4,5625.9,79688.139,281.447,492.7240,7358,
2025-10-26 09:31:24.4,5625.9,79688.139,281.447,492.7240,7358,
2025-10-26 09:31:29.4,5625.9,79688.139,281.447,492.7239,7357,
2025-10-26 09:31:35.4,5625.9,79688.139,281.447,492.7239,7357,
2025-10-26 09:31:48.4,5625.9,79688.139,281.447,492.7235,7354,
2025-10-26 09:31:55.4,5625.9,79688.139,281.447,492.7235,7353,
2025-10-26 09:32:00.4,5625.9,79688.139,281.447,492.7232,7351,
2025-10-26 09:32:05.4,5625.9,79688.139,281.447,492.7239,7357,
2025-10-26 09:32:11.4,5625.9,79688.139,281.447,492.7244,7363,
2025-10-26 09:32:16.4,5625.9,79688.139,281.447,492.7243,7362,
2025-10-26 09:32:21.4,5625.9,79688.139,281.447,492.7238,7356,
2025-10-26 09:32:27.4,5625.9,79688.139,281.447,492.7236,7355,
2025-10-26 09:32:32.4,5625.9,79688.139,281.447,492.7237,7355,
2025-10-26 09:32:37.4,5625.9,79688.139,281.447,492.7239,7358,
2025-10-26 09:32:42.4,5625.9,79688.139,281.447,492.7250,7369,
2025-10-26 09:32:48.4,5625.9,79688.139,281.447,492.7248,7367,
2025-10-26 09:32:53.4,5625.9,79688.139,281.447,492.7241,7360,
2025-10-26 09:32:58.4,5625.9,79688.139,281.447,492.7241,7360,
2025-10-26 09:33:04.4,5625.9,79688.139,281.447,492.7240,7359,
2025-10-26 09:33:09.4,5625.9,79688.139,281.447,492.7235,7354,
2025-10-26 09:33:14.4,5625.9,79688.139,281.447,492.7233,7352,
2025-10-26 09:33:19.4,5625.9,79688.139,281.447,492.7241,7360,
2025-10-26 09:33:25.4,5625.9,79688.139,281.447,492.7240,7359,
2025-10-26 09:33:30.4,5625.9,79688.139,281.447,492.7240,7359,
2025-10-26 09:33:35.4,5625.9,79688.139,281.447,492.7234,7353,
2025-10-26 09:33:41.4,5625.9,79688.139,281.447,492.7232,7351,
2025-10-26 09:33:49.4,5625.9,79688.139,281.447,492.7232,7351,
2025-10-26 09:33:57.4,5625.9,79688.139,281.447,492.7244,7364,
2025-10-26 09:34:03.4,5625.9,79688.139,281.447,492.7241,7360,
2025-10-26 09:34:08.4,5625.9,79688.139,281.447,492.7244,7363,
2025-10-26 09:34:13.4,5625.9,79688.139,281.447,492.7240,7359,
2025-10-26 09:34:18.4,5625.9,79688.139,281.447,492.7240,7359,
2025-10-26 09:34:24.4,5625.9,79688.139,281.447,492.7232,7352,
2025-10-26 09:34:29.4,5625.9,79688.139,281.447,492.7232,7351,
2025-10-26 09:34:34.4,5625.9,79688.139,281.447,492.7243,7362,
2025-10-26 09:34:39.4,5625.9,79688.139,281.447,492.7245,7364,
2025-10-26 09:34:45.4,5625.9,79688.139,281.447,492.7243,7362,
2025-10-26 09:34:50.4,5625.9,79688.139,281.447,492.7240,7359,
2025-10-26 09:34:55.4,5625.9,79688.139,281.447,492.7240,7360,
2025-10-26 09:35:01.4,5625.9,79688.139,281.447,492.7237,7357,
2025-10-26 09:35:06.4,5625.9,79688.139,281.447,492.7236,7355,
2025-10-26 09:35:11.4,5625.9,79688.139,281.447,492.7231,7350,
2025-10-26 09:35:16.4,5625.9,79688.139,281.447,492.7241,7360,
2025-10-26 09:35:22.4,5625.9,79688.139,281.447,492.7239,7359,
2025-10-26 09:35:27.4,5625.9,79688.139,281.447,492.7237,7357,
2025-10-26 09:35:32.4,5625.9,79688.139,281.447,492.7236,7356,
2025-10-26 09:35:37.4,5625.9,79688.139,281.447,492.7243,7363,
2025-10-26 09:35:43.4,5625.9,79688.139,281.447,492.7240,7360,
2025-10-26 09:35:48.4,5625.9,79688.139,281.447,492.7239,7359,
2025-10-26 09:35:53.4,5625.9,79688.139,281.447,492.7237,7357,
2025-10-26 09:35:58.4,5625.9,79688.139,281.447,492.7244,7363,
2025-10-26 09:36:04.4,5625.9,79688.139,281.447,492.7243,7363,
2025-10-26 09:36:09.4,5625.9,79688.139,281.447,492.7236,7356,
2025-10-26 09:36:14.4,5625.9,79688.139,281.447,492.7246,7366,
2025-10-26 09:36:19.4,5625.9,79688.139,281.447,492.7241,7361,
2025-10-26 09:36:25.4,5625.9,79688.139,281.447,492.7225,7345,
2025-10-26 09:36:30.4,5625.9,79688.139,281.447,492.7238,7358,
2025-10-26 09:36:35.4,5625.9,79688.139,281.447,492.7227,7347,
2025-10-26 09:36:41.4,5625.9,79688.139,281.447,492.7239,7359,
2025-10-26 09:36:46.4,5625.9,79688.139,281.447,492.7236,7357,
2025-10-26 09:36:51.4,5625.9,79688.139,281.447,492.7239,7359,
2025-10-26 09:36:57.4,5625.9,79688.139,281.447,492.7244,7364,
2025-10-26 09:37:02.4,5625.9,79688.139,281.447,492.7243,7363,
2025-10-26 09:37:07.4,5625.9,79688.139,281.447,492.7231,7351,
2025-10-26 09:37:12.4,5625.9,79688.139,281.447,492.7236,7356,
2025-10-26 09:37:18.4,5625.9,79688.139,281.447,492.7233,7353,
2025-10-26 09:37:23.4,5625.9,79688.139,281.447,492.7236,7356,
2025-10-26 09:37:28.4,5625.9,79688.139,281.447,492.7233,7353,
2025-10-26 09:37:33.4,5625.9,79688.139,281.447,492.7233,7353,
2025-10-26 09:37:39.4,5625.9,79688.139,281.447,492.7234,7355,
2025-10-26 09:37:44.4,5625.9,79688.139,281.447,492.7240,7360,
2025-10-26 09:37:49.4,5625.9,79688.139,281.447,492.7231,7352,
2025-10-26 09:37:54.4,5625.9,79688.139,281.447,492.7235,7356,
2025-10-26 09:38:00.4,5625.9,79688.139,281.447,492.7239,7359,
2025-10-26 09:38:05.4,5625.9,79688.139,281.447,492.7238,7359,
2025-10-26 09:38:10.4,5625.9,79688.139,281.447,492.7238,7359,
2025-10-26 09:38:16.4,5625.9,79688.139,281.447,492.7235,7356,
2025-10-26 09:38:21.4,5625.9,79688.139,281.447,492.7242,7363,
2025-10-26 09:38:26.4,5625.9,79688.139,281.447,492.7239,7359,
2025-10-26 09:38:31.4,5625.9,79688.139,281.447,492.7232,7353,
2025-10-26 09:38:37.4,5625.9,79688.139,281.447,492.7230,7351,
2025-10-26 09:38:42.4,5625.9,79688.139,281.447,492.7231,7352,
2025-10-26 09:38:47.4,5625.9,79688.139,281.447,492.7230,7351,
2025-10-26 09:38:52.4,5625.9,79688.139,281.447,492.7242,7363,
2025-10-26 09:38:58.4,5625.9,79688.139,281.447,492.7238,7359,
2025-10-26 09:39:03.4,5625.9,79688.139,281.447,492.7248,7369,
2025-10-26 09:39:08.4,5625.9,79688.139,281.447,492.7246,7367,
2025-10-26 09:39:14.4,5625.9,79688.139,281.447,492.7238,7359,
2025-10-26 09:39:19.4,5625.9,79688.139,281.447,492.7238,7359,
2025-10-26 09:39:24.4,5625.9,79688.139,281.447,492.7232,7353,
2025-10-26 09:39:29.4,5625.9,79688.139,281.447,492.7231,7352,
2025-10-26 09:39:35.4,5625.9,79688.139,281.447,492.7235,7356,
2025-10-26 09:39:40.4,5625.9,79688.139,281.447,492.7234,7355,
2025-10-26 09:39:45.4,5625.9,79688.139,281.447,492.7229,7350,
2025-10-26 09:39:50.4,5625.9,79688.139,281.447,492.7229,7350,
2025-10-26 09:39:56.4,5625.9,79688.139,281.447,492.7235,7357,
2025-10-26 09:40:01.4,5625.9,79688.139,281.447,492.7232,7354,
2025-10-26 09:40:06.4,5625.9,79688.139,281.447,492.7231,7353,
2025-10-26 09:40:11.4,5625.9,79688.139,281.447,492.7231,7352,
2025-10-26 09:40:17.4,5625.9,79688.139,281.447,492.7234,7356,
2025-10-26 09:40:22.4,5625.9,79688.139,281.447,492.7232,7353,
2025-10-26 09:40:27.4,5625.9,79688.139,281.447,492.7228,7350,
2025-10-26 09:40:32.4,5625.9,79688.139,281.447,492.7234,7355,
2025-10-26 09:40:38.4,5625.9,79688.139,281.447,492.7233,7355,
2025-10-26 09:40:43.4,5625.9,79688.139,281.447,492.7232,7354,
2025-10-26 09:40:48.4,5625.9,79688.139,281.447,492.7240,7362,
2025-10-26 09:40:53.4,5625.9,79688.139,281.447,492.7238,7360,
2025-10-26 09:40:59.4,5625.9,79688.139,281.447,492.7237,7359,
2025-10-26 09:41:04.4,5625.9,79688.139,281.447,492.7237,7359,
2025-10-26 09:41:09.4,5625.9,79688.139,281.447,492.7243,7365,
2025-10-26 09:41:14.4,5625.9,79688.139,281.447,492.7238,7360,
2025-10-26 09:41:20.4,5625.9,79688.139,281.447,492.7232,7354,
2025-10-26 09:41:25.4,5625.9,79688.139,281.447,492.7230,7349,
2025-10-26 09:41:30.4,5625.9,79688.139,281.447,492.7239,7361,
2025-10-26 09:41:36.4,5625.9,79688.139,281.447,492.7240,7362,
2025-10-26 09:41:41.4,5625.9,79688.139,281.447,492.7238,7360,
2025-10-26 09:41:46.4,5625.9,79688.139,281.447,492.7231,7353,
2025-10-26 09:41:51.4,5625.9,79688.139,281.447,492.7238,7361,
2025-10-26 09:41:57.4,5625.9,79688.139,281.447,492.7241,7363,
2025-10-26 09:42:02.4,5625.9,79688.139,281.447,492.7243,7365,
2025-10-26 09:42:07.4,5625.9,79688.139,281.447,492.7230,7353,
2025-10-26 09:42:12.4,5625.9,79688.139,281.447,492.7230,7352,
2025-10-26 09:42:18.4,5625.9,79688.139,281.447,492.7237,7360,
2025-10-26 09:42:23.4,5625.9,79688.139,281.447,492.7237,7360,
2025-10-26 09:42:28.4,5625.9,79688.139,281.447,492.7236,7358,
2025-10-26 09:42:33.4,5625.9,79688.139,281.447,492.7234,7357,
2025-10-26 09:42:39.4,5625.9,79688.139,281.447,492.7228,7351,
2025-10-26 09:42:44.4,5625.9,79688.139,281.447,492.7235,7357,
2025-10-26 09:42:49.4,5625.9,79688.139,281.447,492.7242,7364,
2025-10-26 09:42:55.4,5625.9,79688.139,281.447,492.7239,7362,
2025-10-26 09:43:00.4,5625.9,79688.139,281.447,492.7231,7354,
2025-10-26 09:43:05.4,5625.9,79688.139,281.447,492.7231,7354,
2025-10-26 09:43:10.4,5625.9,79688.139,281.447,492.7236,7359,
2025-10-26 09:43:16.4,5625.9,79688.139,281.447,492.7232,7354,
2025-10-26 09:43:21.4,5625.9,79688.139,281.447,492.7220,7350,
2025-10-26 09:43:26.4,5625.9,79688.139,281.447,492.7234,7356,
2025-10-26 09:43:31.4,5625.9,79688.139,281.447,492.7233,7356,
2025-10-26 09:43:37.4,5625.9,79688.139,281.447,492.7231,7354,
2025-10-26 09:43:42.4,5625.9,79688.139,281.447,492.7241,7363,
2025-10-26 09:43:47.4,5625.9,79688.139,281.447,492.7240,7362,
2025-10-26 09:43:52.4,5625.9,79688.139,281.447,492.7237,7360,
2025-10-26 09:43:58.4,5625.9,79688.139,281.447,492.7234,7357,
2025-10-26 09:44:03.4,5625.9,79688.139,281.447,492.7242,7364,
2025-10-26 09:44:08.4,5625.9,79688.139,281.447,492.7239,7363,
2025-10-26 09:44:13.4,5625.9,79688.139,281.447,492.7235,7358,
2025-10-26 09:44:19.4,5625.9,79688.139,281.447,492.7238,7361,
2025-10-26 09:44:24.4,5625.9,79688.139,281.447,492.7225,7348,
2025-10-26 09:44:29.4,5625.9,79688.139,281.447,492.7224,7347,
2025-10-26 09:44:35.4,5625.9,79688.139,281.447,492.7242,7366,
2025-10-26 09:44:40.4,5625.9,79688.139,281.447,492.7241,7365,
2025-10-26 09:44:45.4,5625.9,79688.139,281.447,492.7226,7349,
2025-10-26 09:44:50.4,5625.9,79688.139,281.447,492.7224,7347,
2025-10-26 09:44:56.4,5625.9,79688.139,281.447,492.7231,7354,
2025-10-26 09:45:01.4,5625.9,79688.139,281.447,492.7231,7354,
2025-10-26 09:45:06.4,5625.9,79688.139,281.447,492.7234,7358,
2025-10-26 09:45:11.4,5625.9,79688.139,281.447,492.7234,7357,
2025-10-26 09:45:17.4,5625.9,79688.139,281.447,492.7241,7364,
2025-10-26 09:45:22.4,5625.9,79688.139,281.447,492.7240,7363,
2025-10-26 09:45:27.4,5625.9,79688.139,281.447,492.7234,7358,
2025-10-26 09:45:33.4,5625.9,79688.139,281.447,492.7231,7354,
2025-10-26 09:45:38.4,5625.9,79688.139,281.447,492.7233,7356,
2025-10-26 09:45:43.4,5625.9,79688.139,281.447,492.7232,7355,
2025-10-26 09:45:48.4,5625.9,79688.139,281.447,492.7233,7357,
2025-10-26 09:45:54.4,5625.9,79688.139,281.447,492.7233,7356,
2025-10-26 09:45:59.4,5625.9,79688.139,281.447,492.7236,7360,
2025-10-26 09:46:04.4,5625.9,79688.139,281.447,492.7232,7356,
2025-10-26 09:46:09.4,5625.9,79688.139,281.447,492.7236,7360,
2025-10-26 09:46:15.4,5625.9,79688.139,281.447,492.7236,7360,
2025-10-26 09:46:20.4,5625.9,79688.139,281.447,492.7230,7355,
2025-10-26 09:46:25.4,5625.9,79688.139,281.447,492.7229,7354,
2025-10-26 09:46:30.4,5625.9,79688.139,281.447,492.7230,7355,
2025-10-26 09:46:36.4,5625.9,79688.139,281.447,492.7237,7362,
2025-10-26 09:46:41.4,5625.9,79688.139,281.447,492.7231,7362,
2025-10-26 09:46:46.4,5625.9,79688.139,281.447,492.7237,7362,
2025-10-26 09:46:51.4,5625.9,79688.139,281.447,492.7231,7356,
2025-10-26 09:46:57.4,5625.9,79688.139,281.447,492.7230,7355,
2025-10-26 09:47:02.4,5625.9,79688.139,281.447,492.7223,7348,
2025-10-26 09:47:07.4,5625.9,79688.139,281.447,492.7223,7348,
2025-10-26 09:47:13.4,5625.9,79688.139,281.447,492.7236,7361,
2025-10-26 09:47:18.4,5625.9,79688.139,281.447,492.7237,7363,
2025-10-26 09:47:23.4,5625.9,79688.139,281.447,492.7226,7352,
2025-10-26 09:47:28.4,5625.9,79688.139,281.447,492.7226,7352,
2025-10-26 09:47:34.4,5625.9,79688.139,281.447,492.7229,7355,
2025-10-26 09:47:39.4,5625.9,79688.139,281.447,492.7229,7354,
2025-10-26 09:47:44.4,5625.9,79688.139,281.447,492.7237,7362,
2025-10-26 09:47:50.4,5625.9,79688.139,281.447,492.7234,7360,
2025-10-26 09:47:55.4,5625.9,79688.139,281.447,492.7230,7356,
2025-10-26 09:48:00.4,5625.9,79688.139,281.447,492.7230,7356,
2025-10-26 09:48:05.4,5625.9,79688.139,281.447,492.7231,7357,
2025-10-26 09:48:11.4,5625.9,79688.139,281.447,492.7230,7356,
2025-10-26 09:48:16.4,5625.9,79688.139,281.447,492.7233,7359,
2025-10-26 09:48:21.4,5625.9,79688.139,281.447,492.7230,7356,
2025-10-26 09:48:26.4,5625.9,79688.139,281.447,492.7232,7359,
2025-10-26 09:48:32.4,5625.9,79688.139,281.447,492.7230,7356,
2025-10-26 09:48:37.4,5625.9,79688.139,281.447,492.7231,7357,
2025-10-26 09:48:42.4,5625.9,79688.139,281.447,492.7231,7357,
2025-10-26 09:48:48.4,5625.9,79688.139,281.447,492.7231,7357,
2025-10-26 09:48:53.4,5625.9,79688.139,281.447,492.7229,7354,
2025-10-26 09:48:58.4,5625.9,79688.139,281.447,492.7232,7358,
2025-10-26 09:49:04.4,5625.9,79688.139,281.447,492.7224,7350,
2025-10-26 09:49:09.4,5625.9,79688.139,281.447,492.7227,7354,
2025-10-26 09:49:14.4,5625.9,79688.139,281.447,492.7233,7360,
2025-10-26 09:49:20.4,5625.9,79688.139,281.447,492.7230,7357,
2025-10-26 09:49:25.4,5625.9,79688.139,281.447,492.7243,7369,
2025-10-26 09:49:30.4,5625.9,79688.139,281.447,492.7240,7367,
2025-10-26 09:49:35.4,5625.9,79688.139,281.447,492.7241,7368,
2025-10-26 09:49:41.4,5625.9,79688.139,281.447,492.7238,7364,
2025-10-26 09:49:46.4,5625.9,79688.139,281.447,492.7225,7352,
2025-10-26 09:49:51.4,5625.9,79688.139,281.447,492.7236,7363,
2025-10-26 09:49:56.4,5625.9,79688.139,281.447,492.7233,7360,
2025-10-26 09:50:02.4,5625.9,79688.139,281.447,492.7231,7358,
2025-10-26 09:50:07.4,5625.9,79688.139,281.447,492.7236,7362,
2025-10-26 09:50:12.4,5625.9,79688.139,281.447,492.7234,7361,
2025-10-26 09:50:18.4,5625.9,79688.139,281.447,492.7231,7358,
2025-10-26 09:50:23.4,5625.9,79688.139,281.447,492.7229,7355,
2025-10-26 09:50:28.4,5625.9,79688.139,281.447,492.7222,7349,
2025-10-26 09:50:34.4,5625.9,79688.139,281.447,492.7222,7349,
2025-10-26 09:50:39.4,5625.9,79688.139,281.447,492.7234,7361,
2025-10-26 09:50:44.4,5625.9,79688.139,281.447,492.7234,7361,
2025-10-26 09:50:49.4,5625.9,79688.139,281.447,492.7232,7359,
2025-10-26 09:50:55.4,5625.9,79688.139,281.447,492.7228,7355,
2025-10-26 09:51:00.4,5625.9,79688.139,281.447,492.7233,7360,
2025-10-26 09:51:05.4,5625.9,79688.139,281.447,492.7232,7359,
2025-10-26 09:51:10.4,5625.9,79688.139,281.447,492.7234,7361,
2025-10-26 09:51:16.4,5625.9,79688.139,281.447,492.7233,7361,
2025-10-26 09:51:21.4,5625.9,79688.139,281.447,492.7226,7354,
2025-10-26 09:51:26.4,5625.9,79688.139,281.447,492.7226,7353,
2025-10-26 09:51:32.4,5625.9,79688.139,281.447,492.7233,7361,
2025-10-26 09:51:37.4,5625.9,79688.139,281.447,492.7231,7358,
2025-10-26 09:51:42.4,5625.9,79688.139,281.447,492.7234,7362,
2025-10-26 09:51:47.4,5625.9,79688.139,281.447,492.7231,7359,
2025-10-26 09:51:53.4,5625.9,79688.139,281.447,492.7230,7358,
2025-10-26 09:51:58.4,5625.9,79688.139,281.447,492.7236,7364,
2025-10-26 09:52:03.4,5625.9,79688.139,281.447,492.7233,7361,
2025-10-26 09:52:08.4,5625.9,79688.139,281.447,492.7231,7358,
2025-10-26 09:52:14.4,5625.9,79688.139,281.447,492.7225,7352,
2025-10-26 09:52:19.4,5625.9,79688.139,281.447,492.7224,7352,
2025-10-26 09:52:24.4,5625.9,79688.139,281.447,492.7231,7359,
2025-10-26 09:52:29.4,5625.9,79688.139,281.447,492.7231,7358,
2025-10-26 09:52:35.4,5625.9,79688.139,281.447,492.7226,7354,
2025-10-26 09:52:40.4,5625.9,79688.139,281.447,492.7230,7358,
2025-10-26 09:52:45.4,5625.9,79688.139,281.447,492.7229,7356,
2025-10-26 09:52:51.4,5625.9,79688.139,281.447,492.7227,7355,
2025-10-26 09:52:56.4,5625.9,79688.139,281.447,492.7234,7362,
2025-10-26 09:53:01.4,5625.9,79688.139,281.447,492.7234,7362,
2025-10-26 09:53:06.4,5625.9,79688.139,281.447,492.7231,7359,
2025-10-26 09:53:12.4,5625.9,79688.139,281.447,492.7228,7356,
2025-10-26 09:53:17.4,5625.9,79688.139,281.447,492.7228,7357,
2025-10-26 09:53:22.4,5625.9,79688.139,281.447,492.7230,7358,
2025-10-26 09:53:27.4,5625.9,79688.139,281.447,492.7230,7359,
2025-10-26 09:53:33.4,5625.9,79688.139,281.447,492.7229,7358,
2025-10-26 09:53:38.4,5625.9,79688.139,281.447,492.7228,7357,
2025-10-26 09:53:43.4,5625.9,79688.139,281.447,492.7226,7355,
2025-10-26 09:53:48.4,5625.9,79688.139,281.447,492.7238,7367,
2025-10-26 09:53:54.4,5625.9,79688.139,281.447,492.7233,7362,
2025-10-26 09:53:59.4,5625.9,79688.139,281.447,492.7234,7363,
2025-10-26 09:54:04.4,5625.9,79688.139,281.447,492.7231,7360,
2025-10-26 09:54:10.4,5625.9,79688.139,281.447,492.7233,7362,
2025-10-26 09:54:15.4,5625.9,79688.139,281.447,492.7232,7361,
2025-10-26 09:54:20.4,5625.9,79688.139,281.447,492.7228,7358,
2025-10-26 09:54:25.4,5625.9,79688.139,281.447,492.7228,7357,
2025-10-26 09:54:31.4,5625.9,79688.139,281.447,492.7232,7362,
2025-10-26 09:54:36.4,5625.9,79688.139,281.447,492.7229,7359,
2025-10-26 09:54:41.4,5625.9,79688.139,281.447,492.7230,7360,
2025-10-26 09:54:46.4,5625.9,79688.139,281.447,492.7228,7357,
2025-10-26 09:54:52.4,5625.9,79688.139,281.447,492.7222,7351,
2025-10-26 09:54:57.4,5625.9,79688.139,281.447,492.7221,7345,
2025-10-26 09:55:02.4,5625.9,79688.139,281.447,492.7229,7359,
2025-10-26 09:55:08.4,5625.9,79688.139,281.447,492.7229,7358,
2025-10-26 09:55:13.4,5625.9,79688.139,281.447,492.7225,7355,
2025-10-26 09:55:18.4,5625.9,79688.139,281.447,492.7222,7352,
2025-10-26 09:55:24.4,5625.9,79688.139,281.447,492.7221,7351,
2025-10-26 09:55:29.4,5625.9,79688.139,281.447,492.7230,7360,
2025-10-26 09:55:34.4,5625.9,79688.139,281.447,492.7228,7358,
2025-10-26 09:55:39.4,5625.9,79688.139,281.447,492.7223,7353,
2025-10-26 09:55:45.4,5625.9,79688.139,281.447,492.7223,7353,
2025-10-26 09:55:50.4,5625.9,79688.139,281.447,492.7224,7354,
2025-10-26 09:55:55.4,5625.9,79688.139,281.447,492.7232,7362,
2025-10-26 09:56:00.4,5625.9,79688.139,281.447,492.7226,7357,
2025-10-26 09:56:06.4,5625.9,79688.139,281.447,492.7224,7355,
2025-10-26 09:56:11.4,5625.9,79688.139,281.447,492.7233,7363,
2025-10-26 09:56:16.4,5625.9,79688.139,281.447,492.7231,7362,
2025-10-26 09:56:21.4,5625.9,79688.139,281.447,492.7232,7362,
2025-10-26 09:56:27.4,5625.9,79688.139,281.447,492.7229,7360,
2025-10-26 09:56:32.4,5625.9,79688.139,281.447,492.7229,7360,
2025-10-26 09:56:37.4,5625.9,79688.139,281.447,492.7227,7358,
2025-10-26 09:56:42.4,5625.9,79688.139,281.447,492.7231,7362,
2025-10-26 09:56:48.4,5625.9,79688.139,281.447,492.7227,7358,
2025-10-26 09:56:53.4,5625.9,79688.139,281.447,492.7214,7345,
2025-10-26 09:56:58.4,5625.9,79688.139,281.447,492.7214,7345,
2025-10-26 09:57:04.4,5625.9,79688.139,281.447,492.7230,7361,
2025-10-26 09:57:09.4,5625.9,79688.139,281.447,492.7227,7358,
2025-10-26 09:57:14.4,5625.9,79688.139,281.447,492.7220,7351,
2025-10-26 09:57:19.4,5625.9,79688.139,281.447,492.7218,7349,
2025-10-26 09:57:25.4,5625.9,79688.139,281.447,492.7229,7360,
2025-10-26 09:57:30.4,5625.9,79688.139,281.447,492.7225,7356,
2025-10-26 09:57:35.4,5625.9,79688.139,281.447,492.7225,7356,
2025-10-26 09:57:41.4,5625.9,79688.139,281.447,492.7225,7354,
2025-10-26 09:57:46.4,5625.9,79688.139,281.447,492.7221,7352,
2025-10-26 09:57:51.4,5625.9,79688.139,281.447,492.7220,7351,
2025-10-26 09:57:56.4,5625.9,79688.139,281.447,492.7224,7355,
2025-10-26 09:58:02.4,5625.9,79688.139,281.447,492.7228,7359,
2025-10-26 09:58:07.4,5625.9,79688.139,281.447,492.7227,7358,
2025-10-26 09:58:12.4,5625.9,79688.139,281.447,492.7227,7359,
2025-10-26 09:58:17.4,5625.9,79688.139,281.447,492.7229,7360,
2025-10-26 09:58:23.4,5625.9,79688.139,281.447,492.7229,7360,
2025-10-26 09:58:28.4,5625.9,79688.139,281.447,492.7219,7351,
2025-10-26 09:58:33.4,5625.9,79688.139,281.447,492.7219,7351,
2025-10-26 09:58:38.4,5625.9,79688.139,281.447,492.7230,7362,
2025-10-26 09:58:44.4,5625.9,79688.139,281.447,492.7228,7359,
2025-10-26 09:58:49.4,5625.9,79688.139,281.447,492.7229,7361,
2025-10-26 09:58:54.4,5625.9,79688.139,281.447,492.7226,7358,
2025-10-26 09:58:59.4,5625.9,79688.139,281.447,492.7224,7356,
2025-10-26 09:59:05.4,5625.9,79688.139,281.447,492.7224,7355,
2025-10-26 09:59:10.4,5625.9,79688.139,281.447,492.7220,7352,
2025-10-26 09:59:15.4,5625.9,79688.139,281.447,492.7223,7355,
2025-10-26 09:59:21.4,5625.9,79688.139,281.447,492.7222,7354,
2025-10-26 09:59:26.4,5625.9,79688.139,281.447,492.7222,7354,
2025-10-26 09:59:31.4,5625.9,79688.139,281.447,492.7236,7368,
2025-10-26 09:59:36.4,5625.9,79688.139,281.447,492.7234,7365,
2025-10-26 09:59:42.4,5625.9,79688.139,281.447,492.7215,7347,
2025-10-26 09:59:47.4,5625.9,79688.139,281.447,492.7223,7355,
2025-10-26 09:59:52.4,5625.9,79688.139,281.447,492.7230,7362,
2025-10-26 09:59:57.4,5625.9,79688.139,281.447,492.7227,7359,
2025-10-26 10:00:03.4,5625.9,79688.139,281.447,492.7231,7363,
2025-10-26 10:00:08.4,5625.9,79688.139,281.447,492.7227,7360,
2025-10-26 10:00:13.4,5625.9,79688.139,281.447,492.7220,7353,
2025-10-26 10:00:19.4,5625.9,79688.139,281.447,492.7220,7352,
2025-10-26 10:00:24.4,5625.9,79688.139,281.447,492.7227,7359,
2025-10-26 10:00:29.4,5625.9,79688.139,281.447,492.7224,7357,
2025-10-26 10:00:34.4,5625.9,79688.139,281.447,492.7224,7356,
2025-10-26 10:00:40.4,5625.9,79688.139,281.447,492.7219,7361,
2025-10-26 10:00:45.4,5625.9,79688.139,281.447,492.7221,7353,
2025-10-26 10:00:50.4,5625.9,79688.139,281.447,492.7217,7346,
2025-10-26 10:00:56.4,5625.9,79688.139,281.447,492.7225,7358,
2025-10-26 10:01:01.4,5625.9,79688.139,281.447,492.7225,7358,
2025-10-26 10:01:06.4,5625.9,79688.139,281.447,492.7223,7355,
2025-10-26 10:01:11.4,5625.9,79688.139,281.447,492.7228,7361,
2025-10-26 10:01:17.4,5625.9,79688.139,281.447,492.7225,7358,
2025-10-26 10:01:22.4,5625.9,79688.139,281.447,492.7224,7357,
2025-10-26 10:01:27.4,5625.9,79688.139,281.447,492.7224,7357,
2025-10-26 10:01:33.4,5625.9,79688.139,281.447,492.7224,7358,
2025-10-26 10:01:38.4,5625.9,79688.139,281.447,492.7224,7357,
2025-10-26 10:01:43.4,5625.9,79688.139,281.447,492.7223,7356,
2025-10-26 10:01:48.4,5625.9,79688.139,281.447,492.7221,7354,
2025-10-26 10:01:54.4,5625.9,79688.139,281.447,492.7226,7359,
2025-10-26 10:01:59.4,5625.9,79688.139,281.447,492.7222,7356,
2025-10-26 10:02:04.4,5625.9,79688.139,281.447,492.7223,7357,
2025-10-26 10:02:09.4,5625.9,79688.139,281.447,492.7227,7360,
2025-10-26 10:02:15.4,5625.9,79688.139,281.447,492.7228,7361,
2025-10-26 10:02:20.4,5625.9,79688.139,281.447,492.7227,7360,
2025-10-26 10:02:25.4,5625.9,79688.139,281.447,492.7229,7362,
2025-10-26 10:02:30.4,5625.9,79688.139,281.447,492.7225,7359,
2025-10-26 10:02:36.4,5625.9,79688.139,281.447,492.7225,7358,
2025-10-26 10:02:41.4,5625.9,79688.139,281.447,492.7224,7357,
2025-10-26 10:02:46.4,5625.9,79688.139,281.447,492.7221,7354,
2025-10-26 10:02:52.4,5625.9,79688.139,281.447,492.7221,7354,
2025-10-26 10:02:57.4,5625.9,79688.139,281.447,492.7221,7354,
2025-10-26 10:03:02.4,5625.9,79688.139,281.447,492.7218,7351,
2025-10-26 10:03:07.4,5625.9,79688.139,281.447,492.7218,7352,
2025-10-26 10:03:13.4,5625.9,79688.139,281.447,492.7225,7359,
2025-10-26 10:03:18.4,5625.9,79688.139,281.447,492.7220,7354,
2025-10-26 10:03:23.4,5625.9,79688.139,281.447,492.7219,7353,
2025-10-26 10:03:28.4,5625.9,79688.139,281.447,492.7220,7354,
2025-10-26 10:03:34.4,5625.9,79688.139,281.447,492.7226,7360,
2025-10-26 10:03:39.4,5625.9,79688.139,281.447,492.7225,7359,
2025-10-26 10:03:44.4,5625.9,79688.139,281.447,492.7221,7355,
2025-10-26 10:03:49.4,5625.9,79688.139,281.447,492.7213,7347,
2025-10-26 10:03:55.4,5625.9,79688.139,281.447,492.7213,7347,
2025-10-26 10:04:00.4,5625.9,79688.139,281.447,492.7213,7347,
2025-10-26 10:04:05.4,5625.9,79688.139,281.447,492.7217,7351,
2025-10-26 10:04:11.4,5625.9,79688.139,281.447,492.7225,7359,
2025-10-26 10:04:16.4,5625.9,79688.139,281.447,492.7226,7360,
2025-10-26 10:04:21.4,5625.9,79688.139,281.447,492.7218,7353,
2025-10-26 10:04:27.4,5625.9,79688.139,281.447,492.7225,7359,
2025-10-26 10:04:32.4,5625.9,79688.139,281.447,492.7226,7361,
2025-10-26 10:04:37.4,5625.9,79688.139,281.447,492.7224,7358,
2025-10-26 10:04:42.4,5625.9,79688.139,281.447,492.7224,7359,
2025-10-26 10:04:48.4,5625.9,79688.139,281.447,492.7221,7356,
2025-10-26 10:04:53.4,5625.9,79688.139,281.447,492.7216,7350,
2025-10-26 10:04:58.4,5625.9,79688.139,281.447,492.7216,7350,
2025-10-26 10:05:04.4,5625.9,79688.139,281.447,492.7224,7358,
2025-10-26 10:05:09.4,5625.9,79688.139,281.447,492.7223,7357,
2025-10-26 10:05:14.4,5625.9,79688.139,281.447,492.7219,7353,
2025-10-26 10:05:19.4,5625.9,79688.139,281.447,492.7215,7350,
2025-10-26 10:05:25.4,5625.9,79688.139,281.447,492.7222,7356,
2025-10-26 10:05:30.4,5625.9,79688.139,281.447,492.7220,7355,
2025-10-26 10:05:35.4,5625.9,79688.139,281.447,492.7220,7355,
2025-10-26 10:05:41.4,5625.9,79688.139,281.447,492.7219,7354,
2025-10-26 10:05:46.4,5625.9,79688.139,281.447,492.7221,7355,
2025-10-26 10:05:51.4,5625.9,79688.139,281.447,492.7218,7353,
2025-10-26 10:05:56.4,5625.9,79688.139,281.447,492.7219,7354,
2025-10-26 10:06:02.4,5625.9,79688.139,281.447,492.7215,7346,
2025-10-26 10:06:07.4,5625.9,79688.139,281.447,492.7225,7360,
2025-10-26 10:06:12.4,5625.9,79688.139,281.447,492.7226,7367,
2025-10-26 10:06:18.4,5625.9,79688.139,281.447,492.7213,7348,
2025-10-26 10:06:23.4,5625.9,79688.139,281.447,492.7213,7348,
2025-10-26 10:06:29.4,5625.9,79688.139,281.447,492.7227,7362,
2025-10-26 10:06:34.4,5625.9,79688.139,281.447,492.7206,7335,
2025-10-26 10:06:39.4,5625.9,79688.139,281.447,492.7227,7363,
2025-10-26 10:06:45.4,5625.9,79688.139,281.447,492.7216,7351,
2025-10-26 10:06:50.4,5625.9,79688.139,281.447,492.7223,7359,
2025-10-26 10:06:56.4,5625.9,79688.139,281.447,492.7212,7348,
2025-10-26 10:07:01.4,5625.9,79688.139,281.447,492.7219,7354,
2025-10-26 10:07:06.4,5625.9,79688.139,281.447,492.7217,7353,
2025-10-26 10:07:12.4,5625.9,79688.139,281.447,492.7217,7352,
2025-10-26 10:07:17.4,5625.9,79688.139,281.447,492.7211,7346,
2025-10-26 10:07:22.4,5625.9,79688.139,281.447,492.7215,7350,
2025-10-26 10:07:27.4,5625.9,79688.139,281.447,492.7225,7361,
2025-10-26 10:07:33.4,5625.9,79688.139,281.447,492.7228,7363,
2025-10-26 10:07:38.4,5625.9,79688.139,281.447,492.7213,7349,
2025-10-26 10:07:43.4,5625.9,79688.139,281.447,492.7213,7349,
2025-10-26 10:07:48.4,5625.9,79688.139,281.447,492.7226,7361,
2025-10-26 10:07:54.4,5625.9,79688.139,281.447,492.7220,7356,
2025-10-26 10:07:59.4,5625.9,79688.139,281.447,492.7227,7362,
2025-10-26 10:08:04.4,5625.9,79688.139,281.447,492.7223,7358,
2025-10-26 10:08:10.4,5625.9,79688.139,281.447,492.7220,7356,
2025-10-26 10:08:15.4,5625.9,79688.139,281.447,492.7219,7355,
2025-10-26 10:08:20.4,5625.9,79688.139,281.447,492.7222,7358,
2025-10-26 10:08:25.4,5625.9,79688.139,281.447,492.7221,7357,
2025-10-26 10:08:31.4,5625.9,79688.139,281.447,492.7224,7360,
2025-10-26 10:08:36.4,5625.9,79688.139,281.447,492.7218,7354,
2025-10-26 10:08:41.4,5625.9,79688.139,281.447,492.7218,7354,
2025-10-26 10:08:46.4,5625.9,79688.139,281.447,492.7218,7354,
2025-10-26 10:08:52.4,5625.9,79688.139,281.447,492.7228,7365,
2025-10-26 10:08:57.4,5625.9,79688.139,281.447,492.7228,7364,
2025-10-26 10:09:02.4,5625.9,79688.139,281.447,492.7223,7359,
2025-10-26 10:09:07.4,5625.9,79688.139,281.447,492.7222,7358,
2025-10-26 10:09:13.4,5625.9,79688.139,281.447,492.7215,7352,
2025-10-26 10:09:18.4,5625.9,79688.139,281.447,492.7214,7350,
2025-10-26 10:09:23.4,5625.9,79688.139,281.447,492.7213,7350,
2025-10-26 10:09:29.4,5625.9,79688.139,281.447,492.7213,7349,
2025-10-26 10:09:34.4,5625.9,79688.139,281.447,492.7221,7357,
2025-10-26 10:09:39.4,5625.9,79688.139,281.447,492.7223,7359,
2025-10-26 10:09:44.4,5625.9,79688.139,281.447,492.7215,7352,
2025-10-26 10:09:50.4,5625.9,79688.139,281.447,492.7215,7352,
2025-10-26 10:09:55.4,5625.9,79688.139,281.447,492.7223,7359,
2025-10-26 10:10:00.4,5625.9,79688.139,281.447,492.7220,7357,
2025-10-26 10:10:06.4,5625.9,79688.139,281.447,492.7220,7356,
2025-10-26 10:10:11.4,5625.9,79688.139,281.447,492.7217,7354,
2025-10-26 10:10:16.4,5625.9,79688.139,281.447,492.7220,7357,
2025-10-26 10:10:21.4,5625.9,79688.139,281.447,492.7222,7359,
2025-10-26 10:10:27.4,5625.9,79688.139,281.447,492.7220,7357,
2025-10-26 10:10:32.4,5625.9,79688.139,281.447,492.7218,7355,
2025-10-26 10:10:37.4,5625.9,79688.139,281.447,492.7219,7356,
2025-10-26 10:10:42.4,5625.9,79688.139,281.447,492.7217,7354,
2025-10-26 10:10:48.4,5625.9,79688.139,281.447,492.7218,7362,
2025-10-26 10:10:53.4,5625.9,79688.139,281.447,492.7220,7357,
2025-10-26 10:10:58.4,5625.9,79688.139,281.447,492.7217,7353,
2025-10-26 10:11:03.4,5625.9,79688.139,281.447,492.7216,7353,
2025-10-26 10:11:09.4,5625.9,79688.139,281.447,492.7220,7357,
2025-10-26 10:11:14.4,5625.9,79688.139,281.447,492.7219,7356,
2025-10-26 10:11:19.4,5625.9,79688.139,281.447,492.7221,7359,
2025-10-26 10:11:24.4,5625.9,79688.139,281.447,492.7220,7357,
2025-10-26 10:11:30.4,5625.9,79688.139,281.447,492.7220,7357,
2025-10-26 10:11:35.4,5625.9,79688.139,281.447,492.7225,7362,
2025-10-26 10:11:40.4,5625.9,79688.139,281.447,492.7211,7348,
2025-10-26 10:11:45.4,5625.9,79688.139,281.447,492.7211,7348,
2025-10-26 10:11:51.4,5625.9,79688.139,281.447,492.7218,7355,
2025-10-26 10:11:56.4,5625.9,79688.139,281.447,492.7216,7353,
2025-10-26 10:12:01.4,5625.9,79688.139,281.447,492.7218,7356,
2025-10-26 10:12:06.4,5625.9,79688.139,281.447,492.7218,7355,
2025-10-26 10:12:12.4,5625.9,79688.139,281.447,492.7217,7354,
2025-10-26 10:12:17.4,5625.9,79688.139,281.447,492.7216,7353,
2025-10-26 10:12:22.4,5625.9,79688.139,281.447,492.7221,7359,
2025-10-26 10:12:27.4,5625.9,79688.139,281.447,492.7219,7357,
2025-10-26 10:12:33.4,5625.9,79688.139,281.447,492.7220,7357,
2025-10-26 10:12:38.4,5625.9,79688.139,281.447,492.7217,7355,
2025-10-26 10:12:43.4,5625.9,79688.139,281.447,492.7216,7354,
2025-10-26 10:12:48.4,5625.9,79688.139,281.447,492.7216,7354,
2025-10-26 10:12:54.4,5625.9,79688.139,281.447,492.7217,7355,
2025-10-26 10:12:59.4,5625.9,79688.139,281.447,492.7217,7355,
2025-10-26 10:13:04.4,5625.9,79688.139,281.447,492.7218,7363,
2025-10-26 10:13:09.4,5625.9,79688.139,281.447,492.7218,7356,
2025-10-26 10:13:15.4,5625.9,79688.139,281.447,492.7209,7347,
2025-10-26 10:13:20.4,5625.9,79688.139,281.447,492.7199,7348,
2025-10-26 10:13:26.4,5625.9,79688.139,281.447,492.7225,7363,
2025-10-26 10:13:31.4,5625.9,79688.139,281.447,492.7212,7350,
2025-10-26 10:13:36.4,5625.9,79688.139,281.447,492.7212,7350,
2025-10-26 10:13:41.4,5625.9,79688.139,281.447,492.7225,7363,
2025-10-26 10:13:47.4,5625.9,79688.139,281.447,492.7221,7359,
2025-10-26 10:13:52.4,5625.9,79688.139,281.447,492.7218,7356,
2025-10-26 10:13:57.4,5625.9,79688.139,281.447,492.7221,7359,
2025-10-26 10:14:03.4,5625.9,79688.139,281.447,492.7213,7351,
2025-10-26 10:14:08.4,5625.9,79688.139,281.447,492.7221,7359,
2025-10-26 10:14:13.4,5625.9,79688.139,281.447,492.7216,7354,
2025-10-26 10:14:18.4,5625.9,79688.139,281.447,492.7215,7354,
2025-10-26 10:14:24.4,5625.9,79688.139,281.447,492.7211,7349,
2025-10-26 10:14:29.4,5625.9,79688.139,281.447,492.7216,7354,
2025-10-26 10:14:34.4,5625.9,79688.139,281.447,492.7224,7362,
2025-10-26 10:14:39.4,5625.9,79688.139,281.447,492.7219,7357,
2025-10-26 10:14:45.4,5625.9,79688.139,281.447,492.7225,7363,
2025-10-26 10:14:50.4,5625.9,79688.139,281.447,492.7223,7361,
2025-10-26 10:14:55.4,5625.9,79688.139,281.447,492.7216,7354,
2025-10-26 10:15:01.4,5625.9,79688.139,281.447,492.7216,7354,
2025-10-26 10:15:06.4,5625.9,79688.139,281.447,492.7225,7363,
2025-10-26 10:15:11.4,5625.9,79688.139,281.447,492.7222,7361,
2025-10-26 10:15:16.4,5625.9,79688.139,281.447,492.7215,7354,
2025-10-26 10:15:22.4,5625.9,79688.139,281.447,492.7213,7351,
2025-10-26 10:15:27.4,5625.9,79688.139,281.447,492.7218,7357,
2025-10-26 10:15:32.4,5625.9,79688.139,281.447,492.7217,7356,
2025-10-26 10:15:37.4,5625.9,79688.139,281.447,492.7221,7360,
2025-10-26 10:15:43.4,5625.9,79688.139,281.447,492.7216,7355,
2025-10-26 10:15:48.4,5625.9,79688.139,281.447,492.7210,7349,
2025-10-26 10:15:53.4,5625.9,79688.139,281.447,492.7210,7348,
2025-10-26 10:15:58.4,5625.9,79688.139,281.447,492.7215,7354,
2025-10-26 10:16:04.4,5625.9,79688.139,281.447,492.7215,7354,
2025-10-26 10:16:09.4,5625.9,79688.139,281.447,492.7218,7357,
2025-10-26 10:16:14.4,5625.9,79688.139,281.447,492.7215,7354,
2025-10-26 10:16:20.4,5625.9,79688.139,281.447,492.7217,7356,
2025-10-26 10:16:25.4,5625.9,79688.139,281.447,492.7215,7361,
2025-10-26 10:16:30.4,5625.9,79688.139,281.447,492.7219,7358,
2025-10-26 10:16:36.4,5625.9,79688.139,281.447,492.7218,7357,
2025-10-26 10:16:41.4,5625.9,79688.139,281.447,492.7217,7356,
2025-10-26 10:16:46.4,5625.9,79688.139,281.447,492.7216,7356,
2025-10-26 10:16:51.4,5625.9,79688.139,281.447,492.7219,7359,
2025-10-26 10:16:57.4,5625.9,79688.139,281.447,492.7216,7355,
2025-10-26 10:17:02.4,5625.9,79688.139,281.447,492.7223,7363,
2025-10-26 10:17:07.4,5625.9,79688.139,281.447,492.7222,7361,
2025-10-26 10:17:12.4,5625.9,79688.139,281.447,492.7212,7351,
2025-10-26 10:17:18.4,5625.9,79688.139,281.447,492.7211,7350,
2025-10-26 10:17:23.4,5625.9,79688.139,281.447,492.7222,7361,
2025-10-26 10:17:28.4,5625.9,79688.139,281.447,492.7219,7358,
2025-10-26 10:17:33.4,5625.9,79688.139,281.447,492.7218,7357,
2025-10-26 10:17:39.4,5625.9,79688.139,281.447,492.7217,7357,
2025-10-26 10:17:44.4,5625.9,79688.139,281.447,492.7212,7352,
2025-10-26 10:17:49.4,5625.9,79688.139,281.447,492.7212,7351,
2025-10-26 10:17:54.4,5625.9,79688.139,281.447,492.7219,7359,
2025-10-26 10:18:00.4,5625.9,79688.139,281.447,492.7223,7362,
2025-10-26 10:18:05.4,5625.9,79688.139,281.447,492.7217,7357,
2025-10-26 10:18:10.4,5625.9,79688.139,281.447,492.7216,7356,
2025-10-26 10:18:15.4,5625.9,79688.139,281.447,492.7219,7359,
2025-10-26 10:18:21.4,5625.9,79688.139,281.447,492.7218,7358,
2025-10-26 10:18:26.4,5625.9,79688.139,281.447,492.7215,7355,
2025-10-26 10:18:31.4,5625.9,79688.139,281.447,492.7223,7363,
2025-10-26 10:18:37.4,5625.9,79688.139,281.447,492.7221,7361,
2025-10-26 10:18:42.4,5625.9,79688.139,281.447,492.7212,7350,
2025-10-26 10:18:47.4,5625.9,79688.139,281.447,492.7221,7361,
2025-10-26 10:18:53.4,5625.9,79688.139,281.447,492.7214,7355,
2025-10-26 10:18:58.4,5625.9,79688.139,281.447,492.7212,7352,
2025-10-26 10:19:03.4,5625.9,79688.139,281.447,492.7208,7355,
2025-10-26 10:19:08.4,5625.9,79688.139,281.447,492.7219,7359,
2025-10-26 10:19:14.4,5625.9,79688.139,281.447,492.7218,7359,
2025-10-26 10:19:19.4,5625.9,79688.139,281.447,492.7218,7358,
2025-10-26 10:19:24.4,5625.9,79688.139,281.447,492.7220,7360,
2025-10-26 10:19:29.4,5625.9,79688.139,281.447,492.7215,7355,
2025-10-26 10:19:35.4,5625.9,79688.139,281.447,492.7221,7361,
2025-10-26 10:19:40.4,5625.9,79688.139,281.447,492.7218,7358,
2025-10-26 10:19:45.4,5625.9,79688.139,281.447,492.7222,7362,
2025-10-26 10:19:50.4,5625.9,79688.139,281.447,492.7221,7361,
2025-10-26 10:19:56.4,5625.9,79688.139,281.447,492.7224,7364,
2025-10-26 10:20:01.4,5625.9,79688.139,281.447,492.7219,7360,
2025-10-26 10:20:06.4,5625.9,79688.139,281.447,492.7213,7354,
2025-10-26 10:20:11.4,5625.9,79688.139,281.447,492.7213,7354,
2025-10-26 10:20:17.4,5625.9,79688.139,281.447,492.7212,7353,
2025-10-26 10:20:22.4,5625.9,79688.139,281.447,492.7212,7352,
2025-10-26 10:20:27.4,5625.9,79688.139,281.447,492.7216,7357,
2025-10-26 10:20:33.4,5625.9,79688.139,281.447,492.7214,7354,
2025-10-26 10:20:38.4,5625.9,79688.139,281.447,492.7216,7357,
2025-10-26 10:20:43.4,5625.9,79688.139,281.447,492.7216,7357,
2025-10-26 10:20:48.4,5625.9,79688.139,281.447,492.7217,7358,
2025-10-26 10:20:54.4,5625.9,79688.139,281.447,492.7216,7357,
2025-10-26 10:20:59.4,5625.9,79688.139,281.447,492.7210,7351,
2025-10-26 10:21:04.4,5625.9,79688.139,281.447,492.7209,7350,
2025-10-26 10:21:09.4,5625.9,79688.139,281.447,492.7209,7350,
2025-10-26 10:21:15.4,5625.9,79688.139,281.447,492.7207,7348,
2025-10-26 10:21:20.4,5625.9,79688.139,281.447,492.7216,7357,
2025-10-26 10:21:25.4,5625.9,79688.139,281.447,492.7213,7354,
2025-10-26 10:21:31.4,5625.9,79688.139,281.447,492.7214,7356,
2025-10-26 10:21:36.4,5625.9,79688.139,281.447,492.7214,7355,
2025-10-26 10:21:41.4,5625.9,79688.139,281.447,492.7212,7354,
2025-10-26 10:21:46.4,5625.9,79688.139,281.447,492.7220,7361,
2025-10-26 10:21:52.4,5625.9,79688.139,281.447,492.7203,7344,
2025-10-26 10:21:57.4,5625.9,79688.139,281.447,492.7202,7344,
2025-10-26 10:22:02.4,5625.9,79688.139,281.447,492.7220,7361,
2025-10-26 10:22:07.4,5625.9,79688.139,281.447,492.7218,7360,
2025-10-26 10:22:13.4,5625.9,79688.139,281.447,492.7216,7357,
2025-10-26 10:22:18.4,5625.9,79688.139,281.447,492.7213,7354,
2025-10-26 10:22:23.4,5625.9,79688.139,281.447,492.7209,7351,
2025-10-26 10:22:28.4,5625.9,79688.139,281.447,492.7209,7350,
2025-10-26 10:22:34.4,5625.9,79688.139,281.447,492.7224,7365,
2025-10-26 10:22:39.4,5625.9,79688.139,281.447,492.7222,7364,
2025-10-26 10:22:44.4,5625.9,79688.139,281.447,492.7213,7355,
2025-10-26 10:22:49.4,5625.9,79688.139,281.447,492.7210,7352,
2025-10-26 10:22:55.4,5625.9,79688.139,281.447,492.7211,7353,
2025-10-26 10:23:00.4,5625.9,79688.139,281.447,492.7209,7351,
2025-10-26 10:23:05.4,5625.9,79688.139,281.447,492.7210,7352,
2025-10-26 10:23:10.4,5625.9,79688.139,281.447,492.7210,7352,
2025-10-26 10:23:16.4,5625.9,79688.139,281.447,492.7215,7357,
2025-10-26 10:23:21.4,5625.9,79688.139,281.447,492.7213,7355,
2025-10-26 10:23:26.4,5625.9,79688.139,281.447,492.7219,7361,
2025-10-26 10:23:31.4,5625.9,79688.139,281.447,492.7216,7358,
2025-10-26 10:23:37.4,5625.9,79688.139,281.447,492.7217,7359,
2025-10-26 10:23:42.4,5625.9,79688.139,281.447,492.7216,7358,
2025-10-26 10:23:47.4,5625.9,79688.139,281.447,492.7211,7353,
2025-10-26 10:23:53.4,5625.9,79688.139,281.447,492.7217,7359,
2025-10-26 10:23:58.4,5625.9,79688.139,281.447,492.7216,7358,
2025-10-26 10:24:03.4,5625.9,79688.139,281.447,492.7214,7356,
2025-10-26 10:24:09.4,5625.9,79688.139,281.447,492.7215,7357,
2025-10-26 10:24:14.4,5625.9,79688.139,281.447,492.7213,7356,
2025-10-26 10:24:19.4,5625.9,79688.139,281.447,492.7217,7360,
2025-10-26 10:24:24.4,5625.9,79688.139,281.447,492.7211,7363,
2025-10-26 10:24:30.4,5625.9,79688.139,281.447,492.7208,7350,
2025-10-26 10:24:35.4,5625.9,79688.139,281.447,492.7211,7349,
2025-10-26 10:24:40.4,5625.9,79688.139,281.447,492.7212,7354,
2025-10-26 10:24:46.4,5625.9,79688.139,281.447,492.7209,7351,
2025-10-26 10:24:51.4,5625.9,79688.139,281.447,492.7208,7350,
2025-10-26 10:24:56.4,5625.9,79688.139,281.447,492.7221,7363,
2025-10-26 10:25:01.4,5625.9,79688.139,281.447,492.7219,7361,
2025-10-26 10:25:07.4,5625.9,79688.139,281.447,492.7212,7354,
2025-10-26 10:25:12.4,5625.9,79688.139,281.447,492.7224,7367,
2025-10-26 10:25:17.4,5625.9,79688.139,281.447,492.7213,7356,
2025-10-26 10:25:22.4,5625.9,79688.139,281.447,492.7213,7356,
2025-10-26 10:25:28.4,5625.9,79688.139,281.447,492.7215,7358,
2025-10-26 10:25:33.4,5625.9,79688.139,281.447,492.7219,7361,
2025-10-26 10:25:38.4,5625.9,79688.139,281.447,492.7211,7353,
2025-10-26 10:25:44.4,5625.9,79688.139,281.447,492.7216,7359,
2025-10-26 10:25:49.4,5625.9,79688.139,281.447,492.7206,7349,
2025-10-26 10:25:54.4,5625.9,79688.139,281.447,492.7206,7348,
2025-10-26 10:26:00.4,5625.9,79688.139,281.447,492.7217,7360,
2025-10-26 10:26:05.4,5625.9,79688.139,281.447,492.7214,7357,
2025-10-26 10:26:10.4,5625.9,79688.139,281.447,492.7217,7360,
2025-10-26 10:26:15.4,5625.9,79688.139,281.447,492.7217,7360,
2025-10-26 10:26:21.4,5625.9,79688.139,281.447,492.7208,7351,
2025-10-26 10:26:26.4,5625.9,79688.139,281.447,492.7215,7358,
2025-10-26 10:26:31.4,5625.9,79688.139,281.447,492.7213,7356,
2025-10-26 10:26:36.4,5625.9,79688.139,281.447,492.7214,7357,
2025-10-26 10:26:42.4,5625.9,79688.139,281.447,492.7221,7364,
2025-10-26 10:26:47.4,5625.9,79688.139,281.447,492.7216,7359,
2025-10-26 10:26:52.4,5625.9,79688.139,281.447,492.7217,7360,
2025-10-26 10:26:57.4,5625.9,79688.139,281.447,492.7217,7360,
2025-10-26 10:27:03.4,5625.9,79688.139,281.447,492.7214,7357,
2025-10-26 10:27:08.4,5625.9,79688.139,281.447,492.7217,7360,
2025-10-26 10:27:13.4,5625.9,79688.139,281.447,492.7209,7353,
2025-10-26 10:27:18.4,5625.9,79688.139,281.447,492.7216,7360,
2025-10-26 10:27:24.4,5625.9,79688.139,281.447,492.7217,7360,
2025-10-26 10:27:29.4,5625.9,79688.139,281.447,492.7215,7358,
2025-10-26 10:27:34.4,5625.9,79688.139,281.447,492.7215,7359,
2025-10-26 10:27:40.4,5625.9,79688.139,281.447,492.7215,7358,
2025-10-26 10:27:45.4,5625.9,79688.139,281.447,492.7216,7359,
2025-10-26 10:27:50.4,5625.9,79688.139,281.447,492.7214,7357,
2025-10-26 10:27:55.4,5625.9,79688.139,281.447,492.7208,7351,
2025-10-26 10:28:01.4,5625.9,79688.139,281.447,492.7208,7351,
2025-10-26 10:28:06.4,5625.9,79688.139,281.447,492.7212,7355,
2025-10-26 10:28:11.4,5625.9,79688.139,281.447,492.7218,7362,
2025-10-26 10:28:16.4,5625.9,79688.139,281.447,492.7214,7357,
2025-10-26 10:28:22.4,5625.9,79688.139,281.447,492.7211,7355,
2025-10-26 10:28:27.4,5625.9,79688.139,281.447,492.7216,7360,
2025-10-26 10:28:32.4,5625.9,79688.139,281.447,492.7214,7358,
2025-10-26 10:28:38.4,5625.9,79688.139,281.447,492.7215,7359,
2025-10-26 10:28:43.4,5625.9,79688.139,281.447,492.7215,7359,
2025-10-26 10:28:48.4,5625.9,79688.139,281.447,492.7215,7359,
2025-10-26 10:28:53.4,5625.9,79688.139,281.447,492.7213,7357,
2025-10-26 10:28:59.4,5625.9,79688.139,281.447,492.7212,7356,
2025-10-26 10:29:04.4,5625.9,79688.139,281.447,492.7211,7355,
2025-10-26 10:29:09.4,5625.9,79688.139,281.447,492.7210,7354,
2025-10-26 10:29:15.4,5625.9,79688.139,281.447,492.7208,7352,
2025-10-26 10:29:20.4,5625.9,79688.139,281.447,492.7209,7354,
2025-10-26 10:29:25.4,5625.9,79688.139,281.447,492.7212,7357,
2025-10-26 10:29:30.4,5625.9,79688.139,281.447,492.7211,7355,
2025-10-26 10:29:36.4,5625.9,79688.139,281.447,492.7214,7359,
2025-10-26 10:29:41.4,5625.9,79688.139,281.447,492.7212,7356,
2025-10-26 10:29:46.4,5625.9,79688.139,281.447,492.7216,7361,
2025-10-26 10:29:51.4,5625.9,79688.139,281.447,492.7210,7354,
2025-10-26 10:29:57.4,5625.9,79688.139,281.447,492.7210,7354,
2025-10-26 10:30:02.4,5625.9,79688.139,281.447,492.7216,7360,
2025-10-26 10:30:07.4,5625.9,79688.139,281.447,492.7213,7358,
2025-10-26 10:30:12.4,5625.9,79688.139,281.447,492.7214,7358,
2025-10-26 10:30:18.4,5625.9,79688.139,281.447,492.7214,7358,
2025-10-26 10:30:23.4,5625.9,79688.139,281.447,492.7212,7356,
2025-10-26 10:30:28.4,5625.9,79688.139,281.447,492.7211,7355,
2025-10-26 10:30:33.4,5625.9,79688.139,281.447,492.7209,7354,
2025-10-26 10:30:39.4,5625.9,79688.139,281.447,492.7217,7359,
2025-10-26 10:30:44.4,5625.9,79688.139,281.447,492.7210,7354,
2025-10-26 10:30:49.4,5625.9,79688.139,281.447,492.7198,7342,
2025-10-26 10:30:55.4,5625.9,79688.139,281.447,492.7205,7350,
2025-10-26 10:31:00.4,5625.9,79688.139,281.447,492.7210,7355,
2025-10-26 10:31:05.4,5625.9,79688.139,281.447,492.7210,7355,
2025-10-26 10:31:10.4,5625.9,79688.139,281.447,492.7216,7361,
2025-10-26 10:31:16.4,5625.9,79688.139,281.447,492.7213,7358,
2025-10-26 10:31:21.4,5625.9,79688.139,281.447,492.7215,7359,
2025-10-26 10:31:26.4,5625.9,79688.139,281.447,492.7211,7356,
2025-10-26 10:31:32.4,5625.9,79688.139,281.447,492.7212,7357,
2025-10-26 10:31:37.4,5625.9,79688.139,281.447,492.7208,7353,
2025-10-26 10:31:42.4,5625.9,79688.139,281.447,492.7212,7357,
2025-10-26 10:31:47.4,5625.9,79688.139,281.447,492.7210,7355,
2025-10-26 10:31:53.4,5625.9,79688.139,281.447,492.7206,7351,
2025-10-26 10:31:58.4,5625.9,79688.139,281.447,492.7205,7350,
2025-10-26 10:32:03.4,5625.9,79688.139,281.447,492.7207,7352,
2025-10-26 10:32:09.4,5625.9,79688.139,281.447,492.7211,7356,
2025-10-26 10:32:14.4,5625.9,79688.139,281.447,492.7205,7350,
2025-10-26 10:32:19.4,5625.9,79688.139,281.447,492.7203,7349,
2025-10-26 10:32:24.4,5625.9,79688.139,281.447,492.7214,7359,
2025-10-26 10:32:30.4,5625.9,79688.139,281.447,492.7213,7358,
2025-10-26 10:32:35.4,5625.9,79688.139,281.447,492.7215,7361,
2025-10-26 10:32:40.4,5625.9,79688.139,281.447,492.7213,7359,
2025-10-26 10:32:45.4,5625.9,79688.139,281.447,492.7206,7352,
2025-10-26 10:32:51.4,5625.9,79688.139,281.447,492.7205,7351,
2025-10-26 10:32:56.4,5625.9,79688.139,281.447,492.7210,7356,
2025-10-26 10:33:01.4,5625.9,79688.139,281.447,492.7208,7354,
2025-10-26 10:33:06.4,5625.9,79688.139,281.447,492.7214,7360,
2025-10-26 10:33:12.4,5625.9,79688.139,281.447,492.7212,7358,
2025-10-26 10:33:17.4,5625.9,79688.139,281.447,492.7209,7355,
2025-10-26 10:33:22.4,5625.9,79688.139,281.447,492.7216,7361,
2025-10-26 10:33:27.4,5625.9,79688.139,281.447,492.7209,7355,
2025-10-26 10:33:33.4,5625.9,79688.139,281.447,492.7208,7354,
2025-10-26 10:33:38.4,5625.9,79688.139,281.447,492.7212,7358,
2025-10-26 10:33:43.4,5625.9,79688.139,281.447,492.7212,7358,
2025-10-26 10:33:48.4,5625.9,79688.139,281.447,492.7210,7356,
2025-10-26 10:33:54.4,5625.9,79688.139,281.447,492.7208,7354,
2025-10-26 10:33:59.4,5625.9,79688.139,281.447,492.7216,7362,
2025-10-26 10:34:04.4,5625.9,79688.139,281.447,492.7214,7360,
2025-10-26 10:34:10.4,5625.9,79688.139,281.447,492.7213,7359,
2025-10-26 10:34:15.4,5625.9,79688.139,281.447,492.7213,7359,
2025-10-26 10:34:20.4,5625.9,79688.139,281.447,492.7209,7355,
2025-10-26 10:34:25.4,5625.9,79688.139,281.447,492.7211,7357,
2025-10-26 10:34:31.4,5625.9,79688.139,281.447,492.7214,7360,
2025-10-26 10:34:36.4,5625.9,79688.139,281.447,492.7212,7359,
2025-10-26 10:34:41.4,5625.9,79688.139,281.447,492.7205,7351,
2025-10-26 10:34:46.4,5625.9,79688.139,281.447,492.7212,7358,
2025-10-26 10:34:52.4,5625.9,79688.139,281.447,492.7202,7349,
2025-10-26 10:34:57.4,5625.9,79688.139,281.447,492.7204,7351,
2025-10-26 10:35:02.4,5625.9,79688.139,281.447,492.7207,7353,
2025-10-26 10:35:07.4,5625.9,79688.139,281.447,492.7201,7348,
2025-10-26 10:35:13.4,5625.9,79688.139,281.447,492.7204,7351,
2025-10-26 10:35:18.4,5625.9,79688.139,281.447,492.7204,7350,
2025-10-26 10:35:23.4,5625.9,79688.139,281.447,492.7215,7362,
2025-10-26 10:35:28.4,5625.9,79688.139,281.447,492.7212,7359,
2025-10-26 10:35:34.4,5625.9,79688.139,281.447,492.7211,7357,
2025-10-26 10:35:39.4,5625.9,79688.139,281.447,492.7216,7363,
2025-10-26 10:35:44.4,5625.9,79688.139,281.447,492.7214,7360,
2025-10-26 10:35:49.4,5625.9,79688.139,281.447,492.7213,7360,
2025-10-26 10:35:55.4,5625.9,79688.139,281.447,492.7203,7350,
2025-10-26 10:36:00.4,5625.9,79688.139,281.447,492.7203,7350,
2025-10-26 10:36:05.4,5625.9,79688.139,281.447,492.7212,7359,
2025-10-26 10:36:10.4,5625.9,79688.139,281.447,492.7215,7362,
2025-10-26 10:36:16.4,5625.9,79688.139,281.447,492.7212,7359,
2025-10-26 10:36:21.4,5625.9,79688.139,281.447,492.7216,7362,
2025-10-26 10:36:26.4,5625.9,79688.139,281.447,492.7214,7361,
2025-10-26 10:36:32.4,5625.9,79688.139,281.447,492.7210,7357,
2025-10-26 10:36:37.4,5625.9,79688.139,281.447,492.7204,7351,
2025-10-26 10:36:42.4,5625.9,79688.139,281.447,492.7206,7353,
2025-10-26 10:36:47.4,5625.9,79688.139,281.447,492.7206,7353,
2025-10-26 10:36:53.4,5625.9,79688.139,281.447,492.7205,7352,
2025-10-26 10:36:58.4,5625.9,79688.139,281.447,492.7213,7360,
2025-10-26 10:37:03.4,5625.9,79688.139,281.447,492.7213,7360,
2025-10-26 10:37:09.4,5625.9,79688.139,281.447,492.7206,7354,
2025-10-26 10:37:14.4,5625.9,79688.139,281.447,492.7210,7353,
2025-10-26 10:37:19.4,5625.9,79688.139,281.447,492.7210,7357,
2025-10-26 10:37:25.4,5625.9,79688.139,281.447,492.7205,7353,
2025-10-26 10:37:30.4,5625.9,79688.139,281.447,492.7211,7358,
2025-10-26 10:37:35.4,5625.9,79688.139,281.447,492.7210,7358,
2025-10-26 10:37:41.4,5625.9,79688.139,281.447,492.7211,7359,
2025-10-26 10:37:46.4,5625.9,79688.139,281.447,492.7206,7354,
2025-10-26 10:37:51.4,5625.9,79688.139,281.447,492.7206,7353,
2025-10-26 10:37:56.4,5625.9,79688.139,281.447,492.7214,7362,
2025-10-26 10:38:02.4,5625.9,79688.139,281.447,492.7212,7360,
2025-10-26 10:38:07.4,5625.9,79688.139,281.447,492.7206,7354,
2025-10-26 10:38:12.4,5625.9,79688.139,281.447,492.7206,7353,
2025-10-26 10:38:17.4,5625.9,79688.139,281.447,492.7207,7355,
2025-10-26 10:38:23.4,5625.9,79688.139,281.447,492.7205,7353,
2025-10-26 10:38:28.4,5625.9,79688.139,281.447,492.7206,7353,
2025-10-26 10:38:33.4,5625.9,79688.139,281.447,492.7205,7353,
2025-10-26 10:38:38.4,5625.9,79688.139,281.447,492.7211,7359,
2025-10-26 10:38:44.4,5625.9,79688.139,281.447,492.7207,7354,
2025-10-26 10:38:49.4,5625.9,79688.139,281.447,492.7212,7360,
2025-10-26 10:38:54.4,5625.9,79688.139,281.447,492.7212,7360,
2025-10-26 10:38:59.4,5625.9,79688.139,281.447,492.7212,7361,
2025-10-26 10:39:05.4,5625.9,79688.139,281.447,492.7210,7358,
2025-10-26 10:39:10.4,5625.9,79688.139,281.447,492.7206,7354,
2025-10-26 10:39:15.4,5625.9,79688.139,281.447,492.7203,7351,
2025-10-26 10:39:21.4,5625.9,79688.139,281.447,492.7215,7363,
2025-10-26 10:39:26.4,5625.9,79688.139,281.447,492.7213,7362,
2025-10-26 10:39:31.4,5625.9,79688.139,281.447,492.7209,7357,
2025-10-26 10:39:36.4,5625.9,79688.139,281.447,492.7208,7356,
2025-10-26 10:39:42.4,5625.9,79688.139,281.447,492.7205,7353,
2025-10-26 10:39:47.4,5625.9,79688.139,281.447,492.7204,7353,
2025-10-26 10:39:52.4,5625.9,79688.139,281.447,492.7205,7354,
2025-10-26 10:39:57.4,5625.9,79688.139,281.447,492.7202,7350,
2025-10-26 10:40:03.4,5625.9,79688.139,281.447,492.7209,7357,
2025-10-26 10:40:08.4,5625.9,79688.139,281.447,492.7208,7357,
2025-10-26 10:40:13.4,5625.9,79688.139,281.447,492.7207,7355,
2025-10-26 10:40:18.4,5625.9,79688.139,281.447,492.7205,7353,
2025-10-26 10:40:24.4,5625.9,79688.139,281.447,492.7204,7353,
2025-10-26 10:40:29.4,5625.9,79688.139,281.447,492.7209,7358,
2025-10-26 10:40:34.4,5625.9,79688.139,281.447,492.7207,7356,
2025-10-26 10:40:40.4,5625.9,79688.139,281.447,492.7207,7355,
2025-10-26 10:40:45.4,5625.9,79688.139,281.447,492.7203,7352,
2025-10-26 10:40:50.4,5625.9,79688.139,281.447,492.7201,7350,
2025-10-26 10:40:55.4,5625.9,79688.139,281.447,492.7209,7358,
2025-10-26 10:41:01.4,5625.9,79688.139,281.447,492.7205,7354,
2025-10-26 10:41:06.4,5625.9,79688.139,281.447,492.7215,7364,
2025-10-26 10:41:11.4,5625.9,79688.139,281.447,492.7213,7361,
2025-10-26 10:41:16.4,5625.9,79688.139,281.447,492.7205,7354,
2025-10-26 10:41:22.4,5625.9,79688.139,281.447,492.7204,7353,
2025-10-26 10:41:27.4,5625.9,79688.139,281.447,492.7203,7351,
2025-10-26 10:41:32.4,5625.9,79688.139,281.447,492.7201,7350,
2025-10-26 10:41:37.4,5625.9,79688.139,281.447,492.7202,7352,
2025-10-26 10:41:43.4,5625.9,79688.139,281.447,492.7201,7351,
2025-10-26 10:41:48.4,5625.9,79688.139,281.447,492.7198,7348,
2025-10-26 10:41:53.4,5625.9,79688.139,281.447,492.7205,7354,
2025-10-26 10:41:58.4,5625.9,79688.139,281.447,492.7209,7358,
2025-10-26 10:42:04.4,5625.9,79688.139,281.447,492.7207,7356,
2025-10-26 10:42:09.4,5625.9,79688.139,281.447,492.7199,7349,
2025-10-26 10:42:14.4,5625.9,79688.139,281.447,492.7204,7353,
2025-10-26 10:42:19.4,5625.9,79688.139,281.447,492.7205,7354,
2025-10-26 10:42:25.4,5625.9,79688.139,281.447,492.7202,7352,
2025-10-26 10:42:30.4,5625.9,79688.139,281.447,492.7210,7360,
2025-10-26 10:42:35.4,5625.9,79688.139,281.447,492.7210,7360,
2025-10-26 10:42:41.4,5625.9,79688.139,281.447,492.7206,7355,
2025-10-26 10:42:46.4,5625.9,79688.139,281.447,492.7205,7355,
2025-10-26 10:42:51.4,5625.9,79688.139,281.447,492.7210,7359,
2025-10-26 10:42:56.4,5625.9,79688.139,281.447,492.7208,7357,
2025-10-26 10:43:02.4,5625.9,79688.139,281.447,492.7203,7352,
2025-10-26 10:43:07.4,5625.9,79688.139,281.447,492.7203,7352,
2025-10-26 10:43:12.4,5625.9,79688.139,281.447,492.7203,7353,
2025-10-26 10:43:18.4,5625.9,79688.139,281.447,492.7207,7357,
2025-10-26 10:43:23.4,5625.9,79688.139,281.447,492.7206,7356,
2025-10-26 10:43:28.4,5625.9,79688.139,281.447,492.7204,7361,
2025-10-26 10:43:34.4,5625.9,79688.139,281.447,492.7207,7358,
2025-10-26 10:43:39.4,5625.9,79688.139,281.447,492.7212,7357,
2025-10-26 10:43:44.4,5625.9,79688.139,281.447,492.7202,7352,
2025-10-26 10:43:49.4,5625.9,79688.139,281.447,492.7201,7349,
2025-10-26 10:43:55.4,5625.9,79688.139,281.447,492.7198,7348,
2025-10-26 10:44:00.4,5625.9,79688.139,281.447,492.7203,7353,
2025-10-26 10:44:05.4,5625.9,79688.139,281.447,492.7201,7352,
2025-10-26 10:44:11.4,5625.9,79688.139,281.447,492.7210,7360,
2025-10-26 10:44:16.4,5625.9,79688.139,281.447,492.7208,7358,
2025-10-26 10:44:21.4,5625.9,79688.139,281.447,492.7202,7352,
2025-10-26 10:44:27.4,5625.9,79688.139,281.447,492.7200,7350,
2025-10-26 10:44:32.4,5625.9,79688.139,281.447,492.7206,7356,
2025-10-26 10:44:37.4,5625.9,79688.139,281.447,492.7204,7355,
2025-10-26 10:44:42.4,5625.9,79688.139,281.447,492.7202,7353,
2025-10-26 10:44:48.4,5625.9,79688.139,281.447,492.7200,7351,
2025-10-26 10:44:53.4,5625.9,79688.139,281.447,492.7210,7361,
2025-10-26 10:44:58.4,5625.9,79688.139,281.447,492.7208,7359,
2025-10-26 10:45:03.4,5625.9,79688.139,281.447,492.7202,7353,
2025-10-26 10:45:09.4,5625.9,79688.139,281.447,492.7202,7353,
2025-10-26 10:45:14.4,5625.9,79688.139,281.447,492.7205,7356,
2025-10-26 10:45:19.4,5625.9,79688.139,281.447,492.7208,7358,
2025-10-26 10:45:24.4,5625.9,79688.139,281.447,492.7212,7363,
2025-10-26 10:45:30.4,5625.9,79688.139,281.447,492.7209,7360,
2025-10-26 10:45:35.4,5625.9,79688.139,281.447,492.7202,7353,
2025-10-26 10:45:40.4,5625.9,79688.139,281.447,492.7201,7352,
2025-10-26 10:45:46.4,5625.9,79688.139,281.447,492.7201,7352,
2025-10-26 10:45:51.4,5625.9,79688.139,281.447,492.7205,7356,
2025-10-26 10:45:56.4,5625.9,79688.139,281.447,492.7197,7348,
2025-10-26 10:46:01.4,5625.9,79688.139,281.447,492.7196,7347,
2025-10-26 10:46:07.4,5625.9,79688.139,281.447,492.7195,7346,
2025-10-26 10:46:12.4,5625.9,79688.139,281.447,492.7193,7344,
2025-10-26 10:46:17.4,5625.9,79688.139,281.447,492.7201,7352,
2025-10-26 10:46:22.4,5625.9,79688.139,281.447,492.7200,7352,
2025-10-26 10:46:28.4,5625.9,79688.139,281.447,492.7212,7364,
2025-10-26 10:46:33.4,5625.9,79688.139,281.447,492.7209,7360,
2025-10-26 10:46:38.4,5625.9,79688.139,281.447,492.7199,7351,
2025-10-26 10:46:44.4,5625.9,79688.139,281.447,492.7198,7349,
2025-10-26 10:46:49.4,5625.9,79688.139,281.447,492.7195,7346,
2025-10-26 10:46:54.4,5625.9,79688.139,281.447,492.7195,7346,
2025-10-26 10:46:59.4,5625.9,79688.139,281.447,492.7206,7358,
2025-10-26 10:47:05.4,5625.9,79688.139,281.447,492.7209,7360,
2025-10-26 10:47:10.4,5625.9,79688.139,281.447,492.7200,7351,
2025-10-26 10:47:15.4,5625.9,79688.139,281.447,492.7207,7359,
2025-10-26 10:47:20.4,5625.9,79688.139,281.447,492.7209,7361,
2025-10-26 10:47:26.4,5625.9,79688.139,281.447,492.7207,7359,
2025-10-26 10:47:31.4,5625.9,79688.139,281.447,492.7204,7355,
2025-10-26 10:47:36.4,5625.9,79688.139,281.447,492.7197,7349,
2025-10-26 10:47:42.4,5625.9,79688.139,281.447,492.7205,7357,
2025-10-26 10:47:47.4,5625.9,79688.139,281.447,492.7204,7356,
2025-10-26 10:47:52.4,5625.9,79688.139,281.447,492.7218,7370,
2025-10-26 10:47:57.4,5625.9,79688.139,281.447,492.7217,7369,
2025-10-26 10:48:03.4,5625.9,79688.139,281.447,492.7215,7366,
2025-10-26 10:48:08.4,5625.9,79688.139,281.447,492.7214,7366,
2025-10-26 10:48:13.4,5625.9,79688.139,281.447,492.7213,7364,
2025-10-26 10:48:18.4,5625.9,79688.139,281.447,492.7212,7364,
2025-10-26 10:48:24.4,5625.9,79688.139,281.447,492.7212,7364,
2025-10-26 10:48:29.4,5625.9,79688.139,281.447,492.7211,7363,
2025-10-26 10:48:34.4,5625.9,79688.139,281.447,492.7209,7361,
2025-10-26 10:48:39.4,5625.9,79688.139,281.447,492.7209,7361,
2025-10-26 10:48:45.4,5625.9,79688.139,281.447,492.7209,7361,
2025-10-26 10:48:50.4,5625.9,79688.139,281.447,492.7207,7359,
2025-10-26 10:48:55.4,5625.9,79688.139,281.447,492.7215,7367,
2025-10-26 10:49:00.4,5625.9,79688.139,281.447,492.7212,7364,
2025-10-26 10:49:06.4,5625.9,79688.139,281.447,492.7209,7361,
2025-10-26 10:49:11.4,5625.9,79688.139,281.447,492.7209,7361,
2025-10-26 10:49:16.4,5625.9,79688.139,281.447,492.7216,7368,
2025-10-26 10:49:21.4,5625.9,79688.139,281.447,492.7220,7371,
2025-10-26 10:49:27.4,5625.9,79688.139,281.447,492.7217,7369,
2025-10-26 10:49:32.4,5625.9,79688.139,281.447,492.7216,7368,
2025-10-26 10:49:37.4,5625.9,79688.139,281.447,492.7215,7367,
2025-10-26 10:49:42.4,5625.9,79688.139,281.447,492.7215,7367,
2025-10-26 10:49:48.4,5625.9,79688.139,281.447,492.7214,7366,
2025-10-26 10:49:53.4,5625.9,79688.139,281.447,492.7218,7370,
2025-10-26 10:49:58.4,5625.9,79688.139,281.447,492.7215,7367,
2025-10-26 10:50:04.4,5625.9,79688.139,281.447,492.7213,7365,
2025-10-26 10:50:09.4,5625.9,79688.139,281.447,492.7212,7364,
2025-10-26 10:50:14.4,5625.9,79688.139,281.447,492.7211,7363,
2025-10-26 10:50:19.4,5625.9,79688.139,281.447,492.7211,7363,
2025-10-26 10:50:25.4,5625.9,79688.139,281.447,492.7210,7362,
2025-10-26 10:50:30.4,5625.9,79688.139,281.447,492.7210,7362,
2025-10-26 10:50:35.4,5625.9,79688.139,281.447,492.7209,7361,
2025-10-26 10:50:40.4,5625.9,79688.139,281.447,492.7209,7361,
2025-10-26 10:50:46.4,5625.9,79688.139,281.447,492.7208,7360,
2025-10-26 10:50:51.4,5625.9,79688.139,281.447,492.7206,7358,
2025-10-26 10:50:56.4,5625.9,79688.139,281.447,492.7206,7358,
2025-10-26 10:51:02.4,5625.9,79688.139,281.447,492.7205,7357,
2025-10-26 10:51:07.4,5625.9,79688.139,281.447,492.7211,7363,
2025-10-26 10:51:12.4,5625.9,79688.139,281.447,492.7216,7368,
2025-10-26 10:51:17.4,5625.9,79688.139,281.447,492.7215,7366,
2025-10-26 10:51:23.4,5625.9,79688.139,281.447,492.7212,7364,
2025-10-26 10:51:28.4,5625.9,79688.139,281.447,492.7212,7364,
2025-10-26 10:51:33.4,5625.9,79688.139,281.447,492.7211,7363,
2025-10-26 10:51:38.4,5625.9,79688.139,281.447,492.7210,7362,
2025-10-26 10:51:44.4,5625.9,79688.139,281.447,492.7210,7362,
2025-10-26 10:51:49.4,5625.9,79688.139,281.447,492.7210,7362,
2025-10-26 10:51:54.4,5625.9,79688.139,281.447,492.7209,7362,
2025-10-26 10:51:59.4,5625.9,79688.139,281.447,492.7209,7361,
2025-10-26 10:52:05.4,5625.9,79688.139,281.447,492.7209,7361,
2025-10-26 10:52:10.4,5625.9,79688.139,281.447,492.7209,7361,
2025-10-26 10:52:15.4,5625.9,79688.139,281.447,492.7208,7360,
2025-10-26 10:52:20.4,5625.9,79688.139,281.447,492.7208,7360,
2025-10-26 10:52:26.4,5625.9,79688.139,281.447,492.7208,7360,
2025-10-26 10:52:31.4,5625.9,79688.139,281.447,492.7208,7360,
2025-10-26 10:52:36.4,5625.9,79688.139,281.447,492.7214,7366,
2025-10-26 10:52:42.4,5625.9,79688.139,281.447,492.7218,7370,
2025-10-26 10:52:47.4,5625.9,79688.139,281.447,492.7217,7370,
2025-10-26 10:52:52.4,5625.9,79688.139,281.447,492.7215,7368,
2025-10-26 10:52:57.4,5625.9,79688.139,281.447,492.7215,7367,
2025-10-26 10:53:03.4,5625.9,79688.139,281.447,492.7215,7367,
2025-10-26 10:53:08.4,5625.9,79688.139,281.447,492.7213,7365,
2025-10-26 10:53:13.4,5625.9,79688.139,281.447,492.7212,7364,
