timestamp,net_rx_bytes,net_tx_bytes,net_rx_packets,net_tx_packets
2025-10-26 08:53:15.120,196.0,0,,
2025-10-26 08:53:20.240,538.0,0,,
2025-10-26 08:53:25.1070,1598.0,0,,
2025-10-26 08:53:31.1380,1924.0,0,,
2025-10-26 08:53:36.1950,3192.0,0,,
2025-10-26 08:53:41.2070,3372.0,0,,
2025-10-26 08:53:46.3618,4414.0,0,,
2025-10-26 08:53:52.3798,4708.0,0,,
2025-10-26 08:53:57.3978,4994.0,0,,
2025-10-26 08:54:02.4158,5272.0,0,,
2025-10-26 08:54:07.4338,5558.0,0,,
2025-10-26 08:54:13.4728,6094.0,0,,
2025-10-26 08:54:18.5928,7100.0,0,,
2025-10-26 08:54:23.6138,7378.0,0,,
2025-10-26 08:54:28.6318,7664.0,0,,
2025-10-26 08:54:34.6738,8356.0,0,,
2025-10-26 08:54:39.7158,9062.0,0,,
2025-10-26 08:54:44.10324,12750.0,0,,
2025-10-26 08:54:50.10504,13036.0,0,,
2025-10-26 08:54:55.10624,13224.0,0,,
2025-10-26 08:55:00.11884,15222.0,0,,
2025-10-26 08:55:05.12004,15410.0,0,,
2025-10-26 08:55:11.12184,15696.0,0,,
2025-10-26 08:55:16.13384,17576.0,0,,
2025-10-26 08:55:21.13564,17862.0,0,,
2025-10-26 08:55:27.14284,18974.0,0,,
2025-10-26 08:55:32.14824,19836.0,0,,
2025-10-26 08:55:37.15184,20302.0,0,,
2025-10-26 08:55:43.16444,22252.0,0,,
2025-10-26 08:55:48.16624,22538.0,0,,
2025-10-26 08:55:53.16894,22870.0,0,,
2025-10-26 08:55:58.18214,25006.0,0,,
2025-10-26 08:56:04.18334,25194.0,0,,
2025-10-26 08:56:09.18514,25480.0,0,,
2025-10-26 08:56:14.19894,27682.0,0,,
2025-10-26 08:56:20.20374,28434.0,0,,
2025-10-26 08:56:25.20494,28622.0,0,,
2025-10-26 08:56:30.21784,30524.0,0,,
2025-10-26 08:56:35.21904,30712.0,0,,
2025-10-26 08:56:41.22174,31080.0,0,,
2025-10-26 08:56:46.23374,32948.0,0,,
2025-10-26 08:56:51.23554,33234.0,0,,
2025-10-26 08:56:57.23674,33422.0,0,,
2025-10-26 08:57:02.25204,35690.0,0,,
2025-10-26 08:57:07.25324,35878.0,0,,
2025-10-26 08:57:12.25564,36254.0,0,,
2025-10-26 08:57:18.26824,38236.0,0,,
2025-10-26 08:57:23.27004,38522.0,0,,
2025-10-26 08:57:28.27364,39070.0,0,,
2025-10-26 08:57:33.28384,40668.0,0,,
2025-10-26 08:57:39.28504,40856.0,0,,
2025-10-26 08:57:44.30304,43742.0,0,,
2025-10-26 08:57:49.30424,43930.0,0,,
2025-10-26 08:57:54.30604,44208.0,0,,
2025-10-26 08:58:00.31804,46040.0,0,,
2025-10-26 08:58:05.32164,46628.0,0,,
2025-10-26 08:58:10.32284,46816.0,0,,
2025-10-26 08:58:16.34314,49840.0,0,,
2025-10-26 08:58:21.34494,50126.0,0,,
2025-10-26 08:58:26.34614,50314.0,0,,
2025-10-26 08:58:32.35994,52416.0,0,,
2025-10-26 08:58:37.36114,52604.0,0,,
2025-10-26 08:58:42.36384,52980.0,0,,
2025-10-26 08:58:47.38004,55486.0,0,,
2025-10-26 08:58:53.38664,56546.0,0,,
2025-10-26 08:58:58.38784,56734.0,0,,
2025-10-26 08:59:03.40044,58772.0,0,,
2025-10-26 08:59:08.40164,58960.0,0,,
2025-10-26 08:59:14.40464,59442.0,0,,
2025-10-26 08:59:19.41724,61436.0,0,,
2025-10-26 08:59:24.41904,61722.0,0,,
2025-10-26 08:59:30.42264,62306.0,0,,
2025-10-26 08:59:35.43884,64828.0,0,,
2025-10-26 08:59:40.44004,65016.0,0,,
2025-10-26 08:59:45.45864,67870.0,0,,
2025-10-26 08:59:51.46074,68148.0,0,,
2025-10-26 08:59:56.46494,68676.0,0,,
2025-10-26 09:00:01.47694,70532.0,0,,
2025-10-26 09:00:07.47874,70818.0,0,,
2025-10-26 09:00:12.48054,71104.0,0,,
2025-10-26 09:00:17.49374,73124.0,0,,
2025-10-26 09:00:22.49494,73312.0,0,,
2025-10-26 09:00:28.49674,73598.0,0,,
2025-10-26 09:00:33.51054,75772.0,0,,
2025-10-26 09:00:38.51234,76058.0,0,,
2025-10-26 09:00:43.51354,76238.0,0,,
2025-10-26 09:00:49.52944,78618.0,0,,
2025-10-26 09:00:54.53124,78896.0,0,,
2025-10-26 09:00:59.53394,79272.0,0,,
2025-10-26 09:01:04.54774,81382.0,0,,
2025-10-26 09:01:10.54894,81570.0,0,,
2025-10-26 09:01:15.55134,81954.0,0,,
2025-10-26 09:01:20.56214,83606.0,0,,
2025-10-26 09:01:25.56634,84268.0,0,,
2025-10-26 09:01:31.56754,84456.0,0,,
2025-10-26 09:01:36.58014,86402.0,0,,
2025-10-26 09:01:41.58134,86582.0,0,,
2025-10-26 09:01:46.59694,88962.0,0,,
2025-10-26 09:01:52.59814,89150.0,0,,
2025-10-26 09:01:57.59994,89436.0,0,,
2025-10-26 09:02:02.61764,92286.0,0,,
2025-10-26 09:02:08.62034,92662.0,0,,
2025-10-26 09:02:13.62214,92956.0,0,,
2025-10-26 09:02:18.63474,94886.0,0,,
2025-10-26 09:02:23.63594,95074.0,0,,
2025-10-26 09:02:29.63774,95360.0,0,,
2025-10-26 09:02:34.65424,97822.0,0,,
2025-10-26 09:02:39.65604,98108.0,0,,
2025-10-26 09:02:44.65724,98288.0,0,,
2025-10-26 09:02:50.67104,100406.0,0,,
2025-10-26 09:02:55.67224,100594.0,0,,
2025-10-26 09:03:00.67494,100970.0,0,,
2025-10-26 09:03:06.68694,102874.0,0,,
2025-10-26 09:03:11.69474,104158.0,0,,
2025-10-26 09:03:16.69654,104460.0,0,,
2025-10-26 09:03:21.70794,106302.0,0,,
2025-10-26 09:03:27.70914,106490.0,0,,
2025-10-26 09:03:32.71094,106776.0,0,,
2025-10-26 09:03:37.72444,108750.0,0,,
2025-10-26 09:03:43.72624,109036.0,0,,
2025-10-26 09:03:48.73104,109800.0,0,,
2025-10-26 09:03:53.74304,111732.0,0,,
2025-10-26 09:03:58.74574,112064.0,0,,
2025-10-26 09:04:04.76074,114434.0,0,,
2025-10-26 09:04:09.76344,114810.0,0,,
2025-10-26 09:04:14.76674,115268.0,0,,
2025-10-26 09:04:19.78354,117892.0,0,,
2025-10-26 09:04:25.78594,118508.0,0,,
2025-10-26 09:04:30.78774,118794.0,0,,
2025-10-26 09:04:35.79974,120802.0,0,,
2025-10-26 09:04:41.80154,121096.0,0,,
2025-10-26 09:04:46.80274,121284.0,0,,
2025-10-26 09:04:51.82074,124068.0,0,,
2025-10-26 09:04:56.82254,124346.0,0,,
2025-10-26 09:05:02.82434,124632.0,0,,
2025-10-26 09:05:07.83694,126642.0,0,,
2025-10-26 09:05:12.84084,127162.0,0,,
2025-10-26 09:05:17.84294,127432.0,0,,
2025-10-26 09:05:23.85674,129650.0,0,,
2025-10-26 09:05:28.85794,129838.0,0,,
2025-10-26 09:05:33.85974,130124.0,0,,
2025-10-26 09:05:38.87414,132416.0,0,,
2025-10-26 09:05:44.87594,132702.0,0,,
2025-10-26 09:05:49.87714,132890.0,0,,
2025-10-26 09:05:54.89154,135190.0,0,,
2025-10-26 09:05:59.89334,135468.0,0,,
2025-10-26 09:06:05.90534,137404.0,0,,
2025-10-26 09:06:10.90654,137592.0,0,,
2025-10-26 09:06:15.90954,138066.0,0,,
2025-10-26 09:06:21.92784,141042.0,0,,
2025-10-26 09:06:26.93204,141562.0,0,,
2025-10-26 09:06:31.93324,141750.0,0,,
2025-10-26 09:06:36.95004,144350.0,0,,
2025-10-26 09:06:42.95124,144538.0,0,,
2025-10-26 09:06:47.95304,144824.0,0,,
2025-10-26 09:06:52.96504,146664.0,0,,
2025-10-26 09:06:58.96684,146950.0,0,,
2025-10-26 09:07:03.96804,147138.0,0,,
2025-10-26 09:07:08.98244,149346.0,0,,
2025-10-26 09:07:14.98484,149738.0,0,,
2025-10-26 09:07:19.98604,149926.0,0,,
2025-10-26 09:07:24.100104,152216.0,0,,
2025-10-26 09:07:30.100314,152494.0,0,,
2025-10-26 09:07:35.100494,152780.0,0,,
2025-10-26 09:07:40.101814,154872.0,0,,
2025-10-26 09:07:45.101994,155158.0,0,,
2025-10-26 09:07:51.102224,155346.0,0,,
2025-10-26 09:07:56.103604,157492.0,0,,
2025-10-26 09:08:01.103724,157680.0,0,,
2025-10-26 09:08:06.105434,160258.0,0,,
2025-10-26 09:08:12.105554,160446.0,0,,
2025-10-26 09:08:17.106034,161206.0,0,,
2025-10-26 09:08:22.107444,163272.0,0,,
2025-10-26 09:08:27.107624,163558.0,0,,
2025-10-26 09:08:33.107834,163836.0,0,,
2025-10-26 09:08:38.109094,165822.0,0,,
2025-10-26 09:08:43.109214,166002.0,0,,
2025-10-26 09:08:48.109394,166288.0,0,,
2025-10-26 09:08:54.110774,168534.0,0,,
2025-10-26 09:08:59.110954,168820.0,0,,
2025-10-26 09:09:04.111074,169008.0,0,,
2025-10-26 09:09:10.112694,171558.0,0,,
2025-10-26 09:09:15.112874,171844.0,0,,
2025-10-26 09:09:20.113054,172130.0,0,,
2025-10-26 09:09:25.114434,174252.0,0,,
2025-10-26 09:09:31.114614,174538.0,0,,
2025-10-26 09:09:36.115124,175378.0,0,,
2025-10-26 09:09:41.116924,178302.0,0,,
2025-10-26 09:09:46.117044,178490.0,0,,
2025-10-26 09:09:52.117224,178776.0,0,,
2025-10-26 09:09:57.118424,180688.0,0,,
2025-10-26 09:10:02.118724,181178.0,0,,
2025-10-26 09:10:08.118844,181366.0,0,,
2025-10-26 09:10:13.120284,183658.0,0,,
2025-10-26 09:10:18.120404,183846.0,0,,
2025-10-26 09:10:23.121814,185948.0,0,,
2025-10-26 09:10:29.121934,186136.0,0,,
2025-10-26 09:10:34.122114,186422.0,0,,
2025-10-26 09:10:39.123704,188962.0,0,,
2025-10-26 09:10:45.123914,189232.0,0,,
2025-10-26 09:10:50.124094,189518.0,0,,
2025-10-26 09:10:55.125294,191402.0,0,,
2025-10-26 09:11:00.125474,191680.0,0,,
2025-10-26 09:11:06.125594,191868.0,0,,
2025-10-26 09:11:11.126914,193932.0,0,,
2025-10-26 09:11:16.127154,194308.0,0,,
2025-10-26 09:11:21.127394,194684.0,0,,
2025-10-26 09:11:27.128834,196956.0,0,,
2025-10-26 09:11:32.129104,197332.0,0,,
2025-10-26 09:11:37.129374,197664.0,0,,
2025-10-26 09:11:43.130934,200116.0,0,,
2025-10-26 09:11:48.131414,200898.0,0,,
2025-10-26 09:11:53.131654,201266.0,0,,
2025-10-26 09:11:58.132854,203250.0,0,,
2025-10-26 09:12:04.133034,203536.0,0,,
2025-10-26 09:12:09.133154,203724.0,0,,
2025-10-26 09:12:14.134654,206030.0,0,,
2025-10-26 09:12:20.134774,206218.0,0,,
2025-10-26 09:12:28.135854,207938.0,0,,
2025-10-26 09:12:35.135974,208126.0,0,,
2025-10-26 09:12:40.136214,208502.0,0,,
2025-10-26 09:12:45.137354,210272.0,0,,
2025-10-26 09:12:51.137714,210738.0,0,,
2025-10-26 09:12:56.137834,210926.0,0,,
2025-10-26 09:13:01.139694,213836.0,0,,
2025-10-26 09:13:07.139814,214024.0,0,,
2025-10-26 09:13:12.140224,214498.0,0,,
2025-10-26 09:13:17.141484,216500.0,0,,
2025-10-26 09:13:22.141664,216786.0,0,,
2025-10-26 09:13:28.142084,217492.0,0,,
2025-10-26 09:13:33.143344,219450.0,0,,
2025-10-26 09:13:38.143524,219736.0,0,,
2025-10-26 09:13:44.143644,219924.0,0,,
2025-10-26 09:13:49.145324,222400.0,0,,
2025-10-26 09:13:54.145444,222580.0,0,,
2025-10-26 09:13:59.146074,223640.0,0,,
2025-10-26 09:14:05.147334,225626.0,0,,
2025-10-26 09:14:10.147514,225912.0,0,,
2025-10-26 09:14:15.147694,226206.0,0,,
2025-10-26 09:14:20.149014,228278.0,0,,
2025-10-26 09:14:26.149284,228610.0,0,,
2025-10-26 09:14:31.150544,230584.0,0,,
2025-10-26 09:14:36.150664,230772.0,0,,
2025-10-26 09:14:41.150844,231058.0,0,,
2025-10-26 09:14:47.152164,233126.0,0,,
2025-10-26 09:14:52.152344,233412.0,0,,
2025-10-26 09:14:57.152554,233690.0,0,,
2025-10-26 09:15:03.154024,235934.0,0,,
2025-10-26 09:15:08.154144,236122.0,0,,
2025-10-26 09:15:13.154684,237016.0,0,,
2025-10-26 09:15:18.156004,239012.0,0,,
2025-10-26 09:15:24.156184,239298.0,0,,
2025-10-26 09:15:29.156304,239486.0,0,,
2025-10-26 09:15:34.157504,241362.0,0,,
2025-10-26 09:15:39.157624,241550.0,0,,
2025-10-26 09:15:45.157804,241836.0,0,,
2025-10-26 09:15:50.159064,243794.0,0,,
2025-10-26 09:15:55.159244,244080.0,0,,
2025-10-26 09:16:00.159514,244404.0,0,,
2025-10-26 09:16:06.161044,246766.0,0,,
2025-10-26 09:16:11.161224,247044.0,0,,
2025-10-26 09:16:16.161464,247428.0,0,,
2025-10-26 09:16:21.163624,250944.0,0,,
2025-10-26 09:16:27.163804,251230.0,0,,
2025-10-26 09:16:32.163924,251418.0,0,,
2025-10-26 09:16:37.165304,253572.0,0,,
2025-10-26 09:16:42.165424,253752.0,0,,
2025-10-26 09:16:48.166924,256186.0,0,,
2025-10-26 09:16:53.167044,256374.0,0,,
2025-10-26 09:16:58.167404,256982.0,0,,
2025-10-26 09:17:03.168784,259252.0,0,,
2025-10-26 09:17:09.168964,259538.0,0,,
2025-10-26 09:17:14.169654,260712.0,0,,
2025-10-26 09:17:19.170974,262880.0,0,,
2025-10-26 09:17:25.171154,263174.0,0,,
2025-10-26 09:17:30.171274,263362.0,0,,
2025-10-26 09:17:35.172774,265780.0,0,,
2025-10-26 09:17:40.172894,265960.0,0,,
2025-10-26 09:17:46.173074,266246.0,0,,
2025-10-26 09:17:51.174334,268176.0,0,,
2025-10-26 09:17:57.174514,268462.0,0,,
2025-10-26 09:18:02.174634,268650.0,0,,
2025-10-26 09:18:07.176314,271226.0,0,,
2025-10-26 09:18:12.176494,271512.0,0,,
2025-10-26 09:18:18.176764,271888.0,0,,
2025-10-26 09:18:23.177964,273728.0,0,,
2025-10-26 09:18:28.178264,274402.0,0,,
2025-10-26 09:18:33.178744,275130.0,0,,
2025-10-26 09:18:39.179824,276886.0,0,,
2025-10-26 09:18:44.179944,277074.0,0,,
2025-10-26 09:18:49.181324,279184.0,0,,
2025-10-26 09:18:55.181554,279372.0,0,,
2025-10-26 09:19:00.181734,279658.0,0,,
2025-10-26 09:19:05.183054,281678.0,0,,
2025-10-26 09:19:10.183384,282100.0,0,,
2025-10-26 09:19:16.183714,282566.0,0,,
2025-10-26 09:19:21.184974,284300.0,0,,
2025-10-26 09:19:26.185094,284488.0,0,,
2025-10-26 09:19:31.185274,284766.0,0,,
2025-10-26 09:19:37.186954,287382.0,0,,
2025-10-26 09:19:42.187134,287668.0,0,,
2025-10-26 09:19:47.187254,287856.0,0,,
2025-10-26 09:19:53.188574,289892.0,0,,
2025-10-26 09:19:58.188694,290080.0,0,,
2025-10-26 09:20:03.188874,290358.0,0,,
2025-10-26 09:20:08.190824,293438.0,0,,
2025-10-26 09:20:14.191064,293830.0,0,,
2025-10-26 09:20:19.191184,294018.0,0,,
2025-10-26 09:20:24.193044,296918.0,0,,
2025-10-26 09:20:30.193254,297196.0,0,,
2025-10-26 09:20:35.193434,297482.0,0,,
2025-10-26 09:20:40.194694,299484.0,0,,
2025-10-26 09:20:45.194874,299770.0,0,,
2025-10-26 09:20:51.196374,302248.0,0,,
2025-10-26 09:20:56.196494,302436.0,0,,
2025-10-26 09:21:01.196674,302722.0,0,,
2025-10-26 09:21:07.198054,304904.0,0,,
2025-10-26 09:21:12.198294,305288.0,0,,
2025-10-26 09:21:17.198414,305468.0,0,,
2025-10-26 09:21:22.199794,307658.0,0,,
2025-10-26 09:21:28.200004,307936.0,0,,
2025-10-26 09:21:33.200574,308866.0,0,,
2025-10-26 09:21:38.202134,311338.0,0,,
2025-10-26 09:21:44.202314,311624.0,0,,
2025-10-26 09:21:49.202434,311812.0,0,,
2025-10-26 09:21:54.203874,314100.0,0,,
2025-10-26 09:21:59.203994,314288.0,0,,
2025-10-26 09:22:05.204414,314958.0,0,,
2025-10-26 09:22:10.205734,317014.0,0,,
2025-10-26 09:22:15.205974,317414.0,0,,
2025-10-26 09:22:20.206094,317602.0,0,,
2025-10-26 09:22:26.207474,319784.0,0,,
2025-10-26 09:22:31.207594,319972.0,0,,
2025-10-26 09:22:36.207864,320348.0,0,,
2025-10-26 09:22:41.208944,322000.0,0,,
2025-10-26 09:22:47.209124,322286.0,0,,
2025-10-26 09:22:52.210504,324404.0,0,,
2025-10-26 09:22:57.210684,324690.0,0,,
2025-10-26 09:23:02.210804,324870.0,0,,
2025-10-26 09:23:08.212304,327224.0,0,,
2025-10-26 09:23:13.212604,327682.0,0,,
2025-10-26 09:23:18.212954,328058.0,0,,
2025-10-26 09:23:24.214214,330088.0,0,,
2025-10-26 09:23:29.214544,330518.0,0,,
2025-10-26 09:23:34.214754,330796.0,0,,
2025-10-26 09:23:39.216164,332970.0,0,,
2025-10-26 09:23:45.216284,333158.0,0,,
2025-10-26 09:23:50.216644,333738.0,0,,
2025-10-26 09:23:55.217964,335858.0,0,,
2025-10-26 09:24:00.218144,336136.0,0,,
2025-10-26 09:24:06.218324,336414.0,0,,
2025-10-26 09:24:11.219584,338408.0,0,,
2025-10-26 09:24:16.219764,338694.0,0,,
2025-10-26 09:24:22.219944,338980.0,0,,
2025-10-26 09:24:27.221354,341146.0,0,,
2025-10-26 09:24:32.221534,341432.0,0,,
2025-10-26 09:24:37.221714,341718.0,0,,
2025-10-26 09:24:43.223244,344236.0,0,,
2025-10-26 09:24:48.223424,344522.0,0,,
2025-10-26 09:24:53.224654,346312.0,0,,
2025-10-26 09:24:59.224834,346598.0,0,,
2025-10-26 09:25:04.224954,346786.0,0,,
2025-10-26 09:25:09.226274,348814.0,0,,
2025-10-26 09:25:15.226454,349116.0,0,,
2025-10-26 09:25:20.226634,349402.0,0,,
2025-10-26 09:25:25.227834,351278.0,0,,
2025-10-26 09:25:30.228374,352136.0,0,,
2025-10-26 09:25:36.228494,352324.0,0,,
2025-10-26 09:25:41.229934,354560.0,0,,
2025-10-26 09:25:46.230054,354748.0,0,,
2025-10-26 09:25:52.230234,355124.0,0,,
2025-10-26 09:25:57.231734,357594.0,0,,
2025-10-26 09:26:02.231914,357880.0,0,,
2025-10-26 09:26:07.232034,358068.0,0,,
2025-10-26 09:26:13.233594,360592.0,0,,
2025-10-26 09:26:18.233714,360780.0,0,,
2025-10-26 09:26:23.233894,361066.0,0,,
2025-10-26 09:26:28.235334,363294.0,0,,
2025-10-26 09:26:34.235514,363580.0,0,,
2025-10-26 09:26:39.235634,363768.0,0,,
2025-10-26 09:26:44.237104,365976.0,0,,
2025-10-26 09:26:49.237224,366164.0,0,,
2025-10-26 09:26:55.238694,368444.0,0,,
2025-10-26 09:27:00.238814,368632.0,0,,
2025-10-26 09:27:05.238994,368918.0,0,,
2025-10-26 09:27:10.240494,371308.0,0,,
2025-10-26 09:27:16.240914,371978.0,0,,
2025-10-26 09:27:21.241094,372256.0,0,,
2025-10-26 09:27:26.242834,375022.0,0,,
2025-10-26 09:27:31.242954,375202.0,0,,
2025-10-26 09:27:37.243134,375488.0,0,,
2025-10-26 09:27:42.244814,378132.0,0,,
2025-10-26 09:27:47.244994,378418.0,0,,
2025-10-26 09:27:53.245204,378688.0,0,,
2025-10-26 09:27:58.246494,380646.0,0,,
2025-10-26 09:28:03.246614,380834.0,0,,
2025-10-26 09:28:08.246854,381210.0,0,,
2025-10-26 09:28:14.248174,383250.0,0,,
2025-10-26 09:28:19.248354,383536.0,0,,
2025-10-26 09:28:24.248624,383868.0,0,,
2025-10-26 09:28:29.250004,385994.0,0,,
2025-10-26 09:28:35.250124,386182.0,0,,
2025-10-26 09:28:40.250304,386558.0,0,,
2025-10-26 09:28:45.251924,389236.0,0,,
2025-10-26 09:28:50.252104,389514.0,0,,
2025-10-26 09:28:56.253244,391272.0,0,,
2025-10-26 09:29:01.254534,393294.0,0,,
2025-10-26 09:29:06.255314,394534.0,0,,
2025-10-26 09:29:12.256574,396592.0,0,,
2025-10-26 09:29:17.256814,396992.0,0,,
2025-10-26 09:29:22.256934,397180.0,0,,
2025-10-26 09:29:28.258134,399028.0,0,,
2025-10-26 09:29:33.258254,399216.0,0,,
2025-10-26 09:29:38.258434,399502.0,0,,
2025-10-26 09:29:44.259754,401658.0,0,,
2025-10-26 09:29:49.259934,401944.0,0,,
2025-10-26 09:29:54.260054,402124.0,0,,
2025-10-26 09:29:59.261674,404602.0,0,,
2025-10-26 09:30:05.261794,404790.0,0,,
2025-10-26 09:30:10.262154,405256.0,0,,
2025-10-26 09:30:15.263714,407644.0,0,,
2025-10-26 09:30:20.264004,407930.0,0,,
2025-10-26 09:30:26.264124,408118.0,0,,
2025-10-26 09:30:31.266194,411514.0,0,,
2025-10-26 09:30:36.266314,411702.0,0,,
2025-10-26 09:30:41.266614,412192.0,0,,
2025-10-26 09:30:47.267874,414158.0,0,,
2025-10-26 09:30:52.268114,414534.0,0,,
2025-10-26 09:30:57.268234,414722.0,0,,
2025-10-26 09:31:02.269944,417398.0,0,,
2025-10-26 09:31:08.270064,417586.0,0,,
2025-10-26 09:31:13.271894,420578.0,0,,
2025-10-26 09:31:18.272014,420758.0,0,,
2025-10-26 09:31:24.272254,421134.0,0,,
2025-10-26 09:31:29.273454,422982.0,0,,
2025-10-26 09:31:35.273634,423260.0,0,,
2025-10-26 09:31:48.275194,425716.0,0,,
2025-10-26 09:31:55.275314,425904.0,0,,
2025-10-26 09:32:00.275494,426190.0,0,,
2025-10-26 09:32:05.276694,428082.0,0,,
2025-10-26 09:32:11.276964,428458.0,0,,
2025-10-26 09:32:16.277234,428834.0,0,,
2025-10-26 09:32:21.279124,431736.0,0,,
2025-10-26 09:32:27.279394,432068.0,0,,
2025-10-26 09:32:32.279754,432656.0,0,,
2025-10-26 09:32:37.281134,434758.0,0,,
2025-10-26 09:32:42.281314,435036.0,0,,
2025-10-26 09:32:48.281494,435314.0,0,,
2025-10-26 09:32:53.282694,437146.0,0,,
2025-10-26 09:32:58.282934,437730.0,0,,
2025-10-26 09:33:04.283114,438016.0,0,,
2025-10-26 09:33:09.284254,439806.0,0,,
2025-10-26 09:33:14.284644,440334.0,0,,
2025-10-26 09:33:19.284764,440522.0,0,,
2025-10-26 09:33:25.286114,442614.0,0,,
2025-10-26 09:33:30.286234,442802.0,0,,
2025-10-26 09:33:35.286414,443088.0,0,,
2025-10-26 09:33:41.287794,445270.0,0,,
2025-10-26 09:33:49.288154,445834.0,0,,
2025-10-26 09:33:57.289054,447244.0,0,,
2025-10-26 09:34:03.289234,447530.0,0,,
2025-10-26 09:34:08.290614,449720.0,0,,
2025-10-26 09:34:13.290854,450096.0,0,,
2025-10-26 09:34:18.290974,450284.0,0,,
2025-10-26 09:34:24.292774,453120.0,0,,
2025-10-26 09:34:29.293164,453804.0,0,,
2025-10-26 09:34:34.293344,454082.0,0,,
2025-10-26 09:34:39.294844,456420.0,0,,
2025-10-26 09:34:45.295024,456706.0,0,,
2025-10-26 09:34:50.295144,456894.0,0,,
2025-10-26 09:34:55.296854,459522.0,0,,
2025-10-26 09:35:01.296974,459710.0,0,,
2025-10-26 09:35:06.297154,459996.0,0,,
2025-10-26 09:35:11.298714,462368.0,0,,
2025-10-26 09:35:16.298954,462760.0,0,,
2025-10-26 09:35:22.299074,462948.0,0,,
2025-10-26 09:35:27.300694,465570.0,0,,
2025-10-26 09:35:32.300904,465840.0,0,,
2025-10-26 09:35:37.301084,466126.0,0,,
2025-10-26 09:35:43.302344,468084.0,0,,
2025-10-26 09:35:48.302524,468370.0,0,,
2025-10-26 09:35:53.302644,468558.0,0,,
2025-10-26 09:35:58.304054,470630.0,0,,
2025-10-26 09:36:04.304174,470818.0,0,,
2025-10-26 09:36:09.304474,471316.0,0,,
2025-10-26 09:36:14.305914,473588.0,0,,
2025-10-26 09:36:19.306094,473874.0,0,,
2025-10-26 09:36:25.307654,476326.0,0,,
2025-10-26 09:36:30.307984,476756.0,0,,
2025-10-26 09:36:35.308164,477042.0,0,,
2025-10-26 09:36:41.309574,479144.0,0,,
2025-10-26 09:36:46.309864,479430.0,0,,
2025-10-26 09:36:51.309984,479610.0,0,,
2025-10-26 09:36:57.311424,481934.0,0,,
2025-10-26 09:37:02.311604,482212.0,0,,
2025-10-26 09:37:07.311844,482588.0,0,,
2025-10-26 09:37:12.313344,485006.0,0,,
2025-10-26 09:37:18.313614,485382.0,0,,
2025-10-26 09:37:23.313734,485570.0,0,,
2025-10-26 09:37:28.315294,488014.0,0,,
2025-10-26 09:37:33.315414,488202.0,0,,
2025-10-26 09:37:39.315594,488488.0,0,,
2025-10-26 09:37:44.317364,491294.0,0,,
2025-10-26 09:37:49.317814,491964.0,0,,
2025-10-26 09:37:54.317934,492144.0,0,,
2025-10-26 09:38:00.319314,494318.0,0,,
2025-10-26 09:38:05.319434,494506.0,0,,
2025-10-26 09:38:10.319614,494784.0,0,,
2025-10-26 09:38:16.320934,496812.0,0,,
2025-10-26 09:38:21.321114,497098.0,0,,
2025-10-26 09:38:26.322374,499136.0,0,,
2025-10-26 09:38:31.322554,499422.0,0,,
2025-10-26 09:38:37.322674,499610.0,0,,
2025-10-26 09:38:42.324054,501764.0,0,,
2025-10-26 09:38:47.324264,502042.0,0,,
2025-10-26 09:38:52.324444,502320.0,0,,
2025-10-26 09:38:58.325974,504566.0,0,,
2025-10-26 09:39:03.326154,504852.0,0,,
2025-10-26 09:39:08.326274,505040.0,0,,
2025-10-26 09:39:14.328134,507978.0,0,,
2025-10-26 09:39:19.328254,508166.0,0,,
2025-10-26 09:39:24.328434,508452.0,0,,
2025-10-26 09:39:29.329874,510832.0,0,,
2025-10-26 09:39:35.330234,511412.0,0,,
2025-10-26 09:39:40.330354,511600.0,0,,
2025-10-26 09:39:45.331764,513770.0,0,,
2025-10-26 09:39:50.331974,514040.0,0,,
2025-10-26 09:39:56.332154,514326.0,0,,
2025-10-26 09:40:01.333474,516418.0,0,,
2025-10-26 09:40:06.333654,516704.0,0,,
2025-10-26 09:40:11.333774,516892.0,0,,
2025-10-26 09:40:17.335094,518928.0,0,,
2025-10-26 09:40:22.335214,519116.0,0,,
2025-10-26 09:40:27.335394,519402.0,0,,
2025-10-26 09:40:32.336834,521650.0,0,,
2025-10-26 09:40:38.337014,521936.0,0,,
2025-10-26 09:40:43.338394,524074.0,0,,
2025-10-26 09:40:48.338964,525052.0,0,,
2025-10-26 09:40:53.339084,525232.0,0,,
2025-10-26 09:40:59.340674,527720.0,0,,
2025-10-26 09:41:04.340794,527908.0,0,,
2025-10-26 09:41:09.340974,528194.0,0,,
2025-10-26 09:41:14.342534,530706.0,0,,
2025-10-26 09:41:20.343254,532106.0,0,,
2025-10-26 09:41:25.343434,532392.0,0,,
2025-10-26 09:41:30.344784,534500.0,0,,
2025-10-26 09:41:36.344964,534786.0,0,,
2025-10-26 09:41:41.345084,534974.0,0,,
2025-10-26 09:41:46.346404,537038.0,0,,
2025-10-26 09:41:51.346524,537218.0,0,,
2025-10-26 09:41:57.346704,537504.0,0,,
2025-10-26 09:42:02.348174,539732.0,0,,
2025-10-26 09:42:07.348354,540018.0,0,,
2025-10-26 09:42:12.348594,540386.0,0,,
2025-10-26 09:42:18.349854,542332.0,0,,
2025-10-26 09:42:23.349974,542520.0,0,,
2025-10-26 09:42:28.350154,542806.0,0,,
2025-10-26 09:42:33.351594,544990.0,0,,
2025-10-26 09:42:39.351774,545276.0,0,,
2025-10-26 09:42:44.353394,547810.0,0,,
2025-10-26 09:42:49.353724,548240.0,0,,
2025-10-26 09:42:55.353994,548572.0,0,,
2025-10-26 09:43:00.355674,551236.0,0,,
2025-10-26 09:43:05.355884,551514.0,0,,
2025-10-26 09:43:10.356064,551792.0,0,,
2025-10-26 09:43:16.357324,553722.0,0,,
2025-10-26 09:43:21.357504,554008.0,0,,
2025-10-26 09:43:26.357624,554196.0,0,,
2025-10-26 09:43:31.359414,556864.0,0,,
2025-10-26 09:43:37.359534,557052.0,0,,
2025-10-26 09:43:42.359714,557338.0,0,,
2025-10-26 09:43:47.361034,559410.0,0,,
2025-10-26 09:43:52.361214,559688.0,0,,
2025-10-26 09:43:58.361334,559876.0,0,,
2025-10-26 09:44:03.362714,561994.0,0,,
2025-10-26 09:44:08.363104,562686.0,0,,
2025-10-26 09:44:13.363344,563078.0,0,,
2025-10-26 09:44:19.364784,565318.0,0,,
2025-10-26 09:44:24.364964,565604.0,0,,
2025-10-26 09:44:29.365084,565792.0,0,,
2025-10-26 09:44:35.366464,567886.0,0,,
2025-10-26 09:44:40.366584,568074.0,0,,
2025-10-26 09:44:45.367304,569194.0,0,,
2025-10-26 09:44:50.368204,570568.0,0,,
2025-10-26 09:44:56.368444,570944.0,0,,
2025-10-26 09:45:01.369824,573098.0,0,,
2025-10-26 09:45:06.370004,573384.0,0,,
2025-10-26 09:45:11.370184,573662.0,0,,
2025-10-26 09:45:17.371714,576068.0,0,,
2025-10-26 09:45:22.371834,576256.0,0,,
2025-10-26 09:45:27.372074,576632.0,0,,
2025-10-26 09:45:33.373274,578472.0,0,,
2025-10-26 09:45:38.373514,578848.0,0,,
2025-10-26 09:45:43.373694,579118.0,0,,
2025-10-26 09:45:48.375014,581174.0,0,,
2025-10-26 09:45:54.375134,581362.0,0,,
2025-10-26 09:45:59.375314,581648.0,0,,
2025-10-26 09:46:04.377054,584370.0,0,,
2025-10-26 09:46:09.377384,584800.0,0,,
2025-10-26 09:46:15.377564,585086.0,0,,
2025-10-26 09:46:20.379094,587412.0,0,,
2025-10-26 09:46:25.379214,587600.0,0,,
2025-10-26 09:46:30.379574,588172.0,0,,
2025-10-26 09:46:36.380654,589868.0,0,,
2025-10-26 09:46:41.380834,590154.0,0,,
2025-10-26 09:46:46.380954,590342.0,0,,
2025-10-26 09:46:51.382484,592570.0,0,,
2025-10-26 09:46:57.382754,592902.0,0,,
2025-10-26 09:47:02.383774,594472.0,0,,
2025-10-26 09:47:07.384314,595342.0,0,,
2025-10-26 09:47:13.384554,595726.0,0,,
2025-10-26 09:47:18.385814,597648.0,0,,
2025-10-26 09:47:23.386084,598024.0,0,,
2025-10-26 09:47:28.386324,598576.0,0,,
2025-10-26 09:47:34.388094,601530.0,0,,
2025-10-26 09:47:39.388214,601718.0,0,,
2025-10-26 09:47:44.388394,601996.0,0,,
2025-10-26 09:47:50.389654,603962.0,0,,
2025-10-26 09:47:55.389834,604248.0,0,,
2025-10-26 09:48:00.389954,604436.0,0,,
2025-10-26 09:48:05.391154,606328.0,0,,
2025-10-26 09:48:11.391274,606516.0,0,,
2025-10-26 09:48:16.391754,607308.0,0,,
2025-10-26 09:48:21.393014,609274.0,0,,
2025-10-26 09:48:26.393284,609650.0,0,,
2025-10-26 09:48:32.393404,609838.0,0,,
2025-10-26 09:48:37.394604,611742.0,0,,
2025-10-26 09:48:42.394724,611922.0,0,,
2025-10-26 09:48:48.394904,612208.0,0,,
2025-10-26 09:48:53.396164,614130.0,0,,
2025-10-26 09:48:58.396344,614416.0,0,,
2025-10-26 09:49:04.396644,614898.0,0,,
2025-10-26 09:49:09.397604,616370.0,0,,
2025-10-26 09:49:14.397844,616738.0,0,,
2025-10-26 09:49:20.399164,618858.0,0,,
2025-10-26 09:49:25.399584,619378.0,0,,
2025-10-26 09:49:30.399764,619648.0,0,,
2025-10-26 09:49:35.401264,621848.0,0,,
2025-10-26 09:49:41.401384,622036.0,0,,
2025-10-26 09:49:46.401564,622322.0,0,,
2025-10-26 09:49:51.402824,624272.0,0,,
2025-10-26 09:49:56.403184,624872.0,0,,
2025-10-26 09:50:02.403304,625060.0,0,,
2025-10-26 09:50:07.404684,627206.0,0,,
2025-10-26 09:50:12.404864,627484.0,0,,
2025-10-26 09:50:18.405044,627770.0,0,,
2025-10-26 09:50:23.406304,629724.0,0,,
2025-10-26 09:50:28.406484,630010.0,0,,
2025-10-26 09:50:34.406604,630198.0,0,,
2025-10-26 09:50:39.408254,632812.0,0,,
2025-10-26 09:50:44.408374,633000.0,0,,
2025-10-26 09:50:49.408554,633286.0,0,,
2025-10-26 09:50:55.410534,636336.0,0,,
2025-10-26 09:51:00.410714,636622.0,0,,
2025-10-26 09:51:05.410834,636810.0,0,,
2025-10-26 09:51:10.412274,639026.0,0,,
2025-10-26 09:51:16.412454,639328.0,0,,
2025-10-26 09:51:21.413954,641626.0,0,,
2025-10-26 09:51:26.414224,641958.0,0,,
2025-10-26 09:51:32.414404,642236.0,0,,
2025-10-26 09:51:37.415724,644264.0,0,,
2025-10-26 09:51:42.416294,645106.0,0,,
2025-10-26 09:51:47.416414,645294.0,0,,
2025-10-26 09:51:53.417674,647224.0,0,,
2025-10-26 09:51:58.417794,647412.0,0,,
2025-10-26 09:52:03.417974,647690.0,0,,
2025-10-26 09:52:08.419234,649612.0,0,,
2025-10-26 09:52:14.419474,649996.0,0,,
2025-10-26 09:52:19.419704,650184.0,0,,
2025-10-26 09:52:24.420934,652024.0,0,,
2025-10-26 09:52:29.421054,652212.0,0,,
2025-10-26 09:52:35.421294,652588.0,0,,
2025-10-26 09:52:40.422884,654988.0,0,,
2025-10-26 09:52:45.423154,655364.0,0,,
2025-10-26 09:52:51.423274,655552.0,0,,
2025-10-26 09:52:56.424774,657850.0,0,,
2025-10-26 09:53:01.424894,658038.0,0,,
2025-10-26 09:53:06.425074,658324.0,0,,
2025-10-26 09:53:12.426634,660804.0,0,,
2025-10-26 09:53:17.426874,661188.0,0,,
2025-10-26 09:53:22.427354,661916.0,0,,
2025-10-26 09:53:27.428494,663726.0,0,,
2025-10-26 09:53:33.428614,663914.0,0,,
2025-10-26 09:53:38.429874,665908.0,0,,
2025-10-26 09:53:43.429994,666088.0,0,,
2025-10-26 09:53:48.430174,666374.0,0,,
2025-10-26 09:53:54.431524,668458.0,0,,
2025-10-26 09:53:59.431764,668842.0,0,,
2025-10-26 09:54:04.431884,669022.0,0,,
2025-10-26 09:54:10.433144,670968.0,0,,
2025-10-26 09:54:15.433384,671336.0,0,,
2025-10-26 09:54:20.433564,671622.0,0,,
2025-10-26 09:54:25.434944,673744.0,0,,
2025-10-26 09:54:31.435124,674030.0,0,,
2025-10-26 09:54:36.435664,674858.0,0,,
2025-10-26 09:54:41.436924,676872.0,0,,
2025-10-26 09:54:46.437044,677060.0,0,,
2025-10-26 09:54:52.437224,677346.0,0,,
2025-10-26 09:54:57.438694,679634.0,0,,
2025-10-26 09:55:02.438814,679814.0,0,,
2025-10-26 09:55:08.439204,680402.0,0,,
2025-10-26 09:55:13.440584,682536.0,0,,
2025-10-26 09:55:18.440764,682822.0,0,,
2025-10-26 09:55:24.440884,683010.0,0,,
2025-10-26 09:55:29.442234,685002.0,0,,
2025-10-26 09:55:34.442354,685182.0,0,,
2025-10-26 09:55:39.443614,687200.0,0,,
2025-10-26 09:55:45.443734,687388.0,0,,
2025-10-26 09:55:50.443914,687674.0,0,,
2025-10-26 09:55:55.445054,689480.0,0,,
2025-10-26 09:56:00.445324,689856.0,0,,
2025-10-26 09:56:06.445444,690044.0,0,,
2025-10-26 09:56:11.446944,692406.0,0,,
2025-10-26 09:56:16.447124,692684.0,0,,
2025-10-26 09:56:21.447304,692970.0,0,,
2025-10-26 09:56:27.448684,695152.0,0,,
2025-10-26 09:56:32.448864,695438.0,0,,
2025-10-26 09:56:37.449134,695770.0,0,,
2025-10-26 09:56:42.450514,697980.0,0,,
2025-10-26 09:56:48.450634,698168.0,0,,
2025-10-26 09:56:53.450994,698748.0,0,,
2025-10-26 09:56:58.452374,701002.0,0,,
2025-10-26 09:57:04.452664,701288.0,0,,
2025-10-26 09:57:09.453234,702226.0,0,,
2025-10-26 09:57:14.454554,704354.0,0,,
2025-10-26 09:57:19.454674,704534.0,0,,
2025-10-26 09:57:25.454854,704820.0,0,,
2025-10-26 09:57:30.456054,706660.0,0,,
2025-10-26 09:57:35.456234,706946.0,0,,
2025-10-26 09:57:41.456714,707718.0,0,,
2025-10-26 09:57:46.457764,709234.0,0,,
2025-10-26 09:57:51.457944,709512.0,0,,
2025-10-26 09:57:56.459384,711820.0,0,,
2025-10-26 09:58:02.459504,712008.0,0,,
2025-10-26 09:58:07.459774,712384.0,0,,
2025-10-26 09:58:12.461244,714612.0,0,,
2025-10-26 09:58:17.461424,714890.0,0,,
2025-10-26 09:58:23.461544,715078.0,0,,
2025-10-26 09:58:28.462864,717162.0,0,,
2025-10-26 09:58:33.462984,717342.0,0,,
2025-10-26 09:58:38.463344,717930.0,0,,
2025-10-26 09:58:44.464664,719942.0,0,,
2025-10-26 09:58:49.464844,720228.0,0,,
2025-10-26 09:58:54.464964,720408.0,0,,
2025-10-26 09:58:59.466524,722796.0,0,,
2025-10-26 09:59:05.466644,722984.0,0,,
2025-10-26 09:59:10.466974,723414.0,0,,
2025-10-26 09:59:15.468324,725470.0,0,,
2025-10-26 09:59:21.468504,725756.0,0,,
2025-10-26 09:59:26.468774,726088.0,0,,
2025-10-26 09:59:31.470214,728332.0,0,,
2025-10-26 09:59:36.470394,728610.0,0,,
2025-10-26 09:59:42.470574,728896.0,0,,
2025-10-26 09:59:47.472074,731278.0,0,,
2025-10-26 09:59:52.472254,731556.0,0,,
2025-10-26 09:59:57.473454,733452.0,0,,
2025-10-26 10:00:03.473634,733738.0,0,,
2025-10-26 10:00:08.473754,733926.0,0,,
2025-10-26 10:00:13.475314,736394.0,0,,
2025-10-26 10:00:19.475434,736582.0,0,,
2025-10-26 10:00:24.476364,738116.0,0,,
2025-10-26 10:00:29.477504,739914.0,0,,
2025-10-26 10:00:34.477684,740192.0,0,,
2025-10-26 10:00:40.477804,740380.0,0,,
2025-10-26 10:00:45.479304,742742.0,0,,
2025-10-26 10:00:50.479544,743110.0,0,,
2025-10-26 10:00:56.479664,743298.0,0,,
2025-10-26 10:01:01.480804,745128.0,0,,
2025-10-26 10:01:06.480924,745316.0,0,,
2025-10-26 10:01:11.481104,745594.0,0,,
2025-10-26 10:01:17.482544,747834.0,0,,
2025-10-26 10:01:22.482724,748120.0,0,,
2025-10-26 10:01:27.483204,748930.0,0,,
2025-10-26 10:01:33.484584,751092.0,0,,
2025-10-26 10:01:38.484764,751370.0,0,,
2025-10-26 10:01:43.484944,751656.0,0,,
2025-10-26 10:01:48.486264,753660.0,0,,
2025-10-26 10:01:54.486444,753946.0,0,,
2025-10-26 10:01:59.486864,754628.0,0,,
2025-10-26 10:02:04.488184,756700.0,0,,
2025-10-26 10:02:09.488304,756888.0,0,,
2025-10-26 10:02:15.489804,759222.0,0,,
2025-10-26 10:02:20.490074,759554.0,0,,
2025-10-26 10:02:25.490254,759840.0,0,,
2025-10-26 10:02:30.491484,761664.0,0,,
2025-10-26 10:02:36.491664,761950.0,0,,
2025-10-26 10:02:41.491784,762138.0,0,,
2025-10-26 10:02:46.492924,763960.0,0,,
2025-10-26 10:02:52.493104,764238.0,0,,
2025-10-26 10:02:57.493284,764524.0,0,,
2025-10-26 10:03:02.494484,766380.0,0,,
2025-10-26 10:03:07.494664,766666.0,0,,
2025-10-26 10:03:13.494844,766952.0,0,,
2025-10-26 10:03:18.496314,769134.0,0,,
2025-10-26 10:03:23.496434,769322.0,0,,
2025-10-26 10:03:28.496764,769752.0,0,,
2025-10-26 10:03:34.497994,771576.0,0,,
2025-10-26 10:03:39.498174,771862.0,0,,
2025-10-26 10:03:44.498294,772042.0,0,,
2025-10-26 10:03:49.499854,774446.0,0,,
2025-10-26 10:03:55.499974,774634.0,0,,
2025-10-26 10:04:00.500154,774920.0,0,,
2025-10-26 10:04:05.501414,776866.0,0,,
2025-10-26 10:04:11.501594,777152.0,0,,
2025-10-26 10:04:16.503034,779352.0,0,,
2025-10-26 10:04:21.503214,779638.0,0,,
2025-10-26 10:04:27.503334,779826.0,0,,
2025-10-26 10:04:32.504594,781792.0,0,,
2025-10-26 10:04:37.505314,782918.0,0,,
2025-10-26 10:04:42.505494,783196.0,0,,
2025-10-26 10:04:48.506924,785452.0,0,,
2025-10-26 10:04:53.507104,785738.0,0,,
2025-10-26 10:04:58.507224,785926.0,0,,
2025-10-26 10:05:04.508784,788494.0,0,,
2025-10-26 10:05:09.508904,788682.0,0,,
2025-10-26 10:05:14.509144,789074.0,0,,
2025-10-26 10:05:19.510524,791204.0,0,,
2025-10-26 10:05:25.510704,791490.0,0,,
2025-10-26 10:05:30.510824,791678.0,0,,
2025-10-26 10:05:35.512324,794028.0,0,,
2025-10-26 10:05:41.512444,794216.0,0,,
2025-10-26 10:05:46.512714,794592.0,0,,
2025-10-26 10:05:51.513914,796488.0,0,,
2025-10-26 10:05:56.514094,796774.0,0,,
2025-10-26 10:06:02.514214,796962.0,0,,
2025-10-26 10:06:07.515414,798830.0,0,,
2025-10-26 10:06:12.515714,799296.0,0,,
2025-10-26 10:06:18.517034,801360.0,0,,
2025-10-26 10:06:23.517154,801548.0,0,,
2025-10-26 10:06:29.517334,801834.0,0,,
2025-10-26 10:06:34.518654,803890.0,0,,
2025-10-26 10:06:39.519014,804312.0,0,,
2025-10-26 10:06:45.519194,804598.0,0,,
2025-10-26 10:06:50.520964,807488.0,0,,
2025-10-26 10:06:56.521144,807774.0,0,,
2025-10-26 10:07:01.521264,807962.0,0,,
2025-10-26 10:07:06.522584,810078.0,0,,
2025-10-26 10:07:12.522704,810266.0,0,,
2025-10-26 10:07:17.523124,810960.0,0,,
2025-10-26 10:07:22.524324,812836.0,0,,
2025-10-26 10:07:27.524654,813266.0,0,,
2025-10-26 10:07:33.524774,813454.0,0,,
2025-10-26 10:07:38.526034,815412.0,0,,
2025-10-26 10:07:43.526154,815592.0,0,,
2025-10-26 10:07:48.526334,815878.0,0,,
2025-10-26 10:07:54.527624,817828.0,0,,
2025-10-26 10:07:59.527804,818114.0,0,,
2025-10-26 10:08:04.529244,820398.0,0,,
2025-10-26 10:08:10.529424,820684.0,0,,
2025-10-26 10:08:15.529604,820970.0,0,,
2025-10-26 10:08:20.530984,823144.0,0,,
2025-10-26 10:08:25.531104,823332.0,0,,
2025-10-26 10:08:31.531284,823618.0,0,,
2025-10-26 10:08:36.532664,825748.0,0,,
2025-10-26 10:08:41.532844,826026.0,0,,
2025-10-26 10:08:46.533114,826358.0,0,,
2025-10-26 10:08:52.534344,828116.0,0,,
2025-10-26 10:08:57.534554,828394.0,0,,
2025-10-26 10:09:02.534914,828974.0,0,,
2025-10-26 10:09:07.536594,831598.0,0,,
2025-10-26 10:09:13.536834,831982.0,0,,
2025-10-26 10:09:18.536954,832170.0,0,,
2025-10-26 10:09:23.538514,834638.0,0,,
2025-10-26 10:09:29.538634,834826.0,0,,
2025-10-26 10:09:34.538814,835112.0,0,,
2025-10-26 10:09:39.540314,837466.0,0,,
2025-10-26 10:09:44.540494,837744.0,0,,
2025-10-26 10:09:50.540614,837932.0,0,,
2025-10-26 10:09:55.542054,840140.0,0,,
2025-10-26 10:10:00.542174,840320.0,0,,
2025-10-26 10:10:06.542444,840696.0,0,,
2025-10-26 10:10:11.543644,842528.0,0,,
2025-10-26 10:10:16.543884,842912.0,0,,
2025-10-26 10:10:21.545204,844924.0,0,,
2025-10-26 10:10:27.545384,845210.0,0,,
2025-10-26 10:10:32.545614,845398.0,0,,
2025-10-26 10:10:37.546874,847320.0,0,,
2025-10-26 10:10:42.546994,847500.0,0,,
2025-10-26 10:10:48.547294,847990.0,0,,
2025-10-26 10:10:53.548494,849830.0,0,,
2025-10-26 10:10:58.548674,850116.0,0,,
2025-10-26 10:11:03.548794,850304.0,0,,
2025-10-26 10:11:09.550384,852916.0,0,,
2025-10-26 10:11:14.550564,853210.0,0,,
2025-10-26 10:11:19.550744,853496.0,0,,
2025-10-26 10:11:24.551944,855356.0,0,,
2025-10-26 10:11:30.552274,855786.0,0,,
2025-10-26 10:11:35.552394,855974.0,0,,
2025-10-26 10:11:40.553684,857888.0,0,,
2025-10-26 10:11:45.553804,858076.0,0,,
2025-10-26 10:11:51.553984,858362.0,0,,
2025-10-26 10:11:56.555364,860580.0,0,,
2025-10-26 10:12:01.555544,860858.0,0,,
2025-10-26 10:12:06.555664,861046.0,0,,
2025-10-26 10:12:12.556834,862812.0,0,,
2025-10-26 10:12:17.557014,863098.0,0,,
2025-10-26 10:12:22.557284,863474.0,0,,
2025-10-26 10:12:27.558664,865620.0,0,,
2025-10-26 10:12:33.559024,866200.0,0,,
2025-10-26 10:12:38.560224,868052.0,0,,
2025-10-26 10:12:43.560404,868338.0,0,,
2025-10-26 10:12:48.560524,868526.0,0,,
2025-10-26 10:12:54.561844,870546.0,0,,
2025-10-26 10:12:59.561964,870734.0,0,,
2025-10-26 10:13:04.562144,871020.0,0,,
2025-10-26 10:13:09.564094,873948.0,0,,
2025-10-26 10:13:15.564604,874820.0,0,,
2025-10-26 10:13:20.564784,875106.0,0,,
2025-10-26 10:13:26.566284,877460.0,0,,
2025-10-26 10:13:31.566464,877746.0,0,,
2025-10-26 10:13:36.566644,878024.0,0,,
2025-10-26 10:13:41.568804,881556.0,0,,
2025-10-26 10:13:47.568924,881744.0,0,,
2025-10-26 10:13:52.569104,882030.0,0,,
2025-10-26 10:13:57.570604,884320.0,0,,
2025-10-26 10:14:03.570784,884606.0,0,,
2025-10-26 10:14:08.570904,884794.0,0,,
2025-10-26 10:14:13.572464,887266.0,0,,
2025-10-26 10:14:18.572584,887446.0,0,,
2025-10-26 10:14:24.572854,887822.0,0,,
2025-10-26 10:14:29.574744,890788.0,0,,
2025-10-26 10:14:34.574924,891074.0,0,,
2025-10-26 10:14:39.576844,894246.0,0,,
2025-10-26 10:14:45.577024,894532.0,0,,
2025-10-26 10:14:50.577144,894720.0,0,,
2025-10-26 10:14:55.578464,896812.0,0,,
2025-10-26 10:15:01.578584,896992.0,0,,
2025-10-26 10:15:06.578764,897278.0,0,,
2025-10-26 10:15:11.580444,899838.0,0,,
2025-10-26 10:15:16.580924,900456.0,0,,
2025-10-26 10:15:22.581044,900644.0,0,,
2025-10-26 10:15:27.582604,902906.0,0,,
2025-10-26 10:15:32.582724,903086.0,0,,
2025-10-26 10:15:37.582904,903372.0,0,,
2025-10-26 10:15:43.584044,905114.0,0,,
2025-10-26 10:15:48.584224,905400.0,0,,
2025-10-26 10:15:53.584344,905580.0,0,,
2025-10-26 10:15:58.585964,908306.0,0,,
2025-10-26 10:16:04.586084,908494.0,0,,
2025-10-26 10:16:09.586264,908780.0,0,,
2025-10-26 10:16:14.587584,910836.0,0,,
2025-10-26 10:16:20.587764,911122.0,0,,
2025-10-26 10:16:25.587884,911310.0,0,,
2025-10-26 10:16:30.589714,914178.0,0,,
2025-10-26 10:16:36.589834,914366.0,0,,
2025-10-26 10:16:41.591694,917452.0,0,,
2025-10-26 10:16:46.591814,917640.0,0,,
2025-10-26 10:16:51.591994,917918.0,0,,
2025-10-26 10:16:57.593374,920072.0,0,,
2025-10-26 10:17:02.593554,920358.0,0,,
2025-10-26 10:17:07.593674,920546.0,0,,
2025-10-26 10:17:12.595174,922880.0,0,,
2025-10-26 10:17:18.595294,923068.0,0,,
2025-10-26 10:17:23.595474,923354.0,0,,
2025-10-26 10:17:28.596734,925276.0,0,,
2025-10-26 10:17:33.597004,925644.0,0,,
2025-10-26 10:17:39.597124,925832.0,0,,
2025-10-26 10:17:44.598684,928292.0,0,,
2025-10-26 10:17:49.598804,928480.0,0,,
2025-10-26 10:17:54.598984,928766.0,0,,
2025-10-26 10:18:00.600394,930832.0,0,,
2025-10-26 10:18:05.600574,931118.0,0,,
2025-10-26 10:18:10.600694,931298.0,0,,
2025-10-26 10:18:15.602194,933676.0,0,,
2025-10-26 10:18:21.602314,933864.0,0,,
2025-10-26 10:18:26.602494,934150.0,0,,
2025-10-26 10:18:31.604084,936558.0,0,,
2025-10-26 10:18:37.604264,936844.0,0,,
2025-10-26 10:18:42.604594,937310.0,0,,
2025-10-26 10:18:47.605794,939258.0,0,,
2025-10-26 10:18:53.605974,939544.0,0,,
2025-10-26 10:18:58.607354,941770.0,0,,
2025-10-26 10:19:03.607534,942056.0,0,,
2025-10-26 10:19:08.607654,942244.0,0,,
2025-10-26 10:19:14.608914,944190.0,0,,
2025-10-26 10:19:19.609144,944378.0,0,,
2025-10-26 10:19:24.609444,944868.0,0,,
2025-10-26 10:19:29.610764,946916.0,0,,
2025-10-26 10:19:35.610944,947202.0,0,,
2025-10-26 10:19:40.611064,947390.0,0,,
2025-10-26 10:19:45.612504,949520.0,0,,
2025-10-26 10:19:50.612624,949708.0,0,,
2025-10-26 10:19:56.612894,950048.0,0,,
2025-10-26 10:20:01.614334,952328.0,0,,
2025-10-26 10:20:06.614514,952614.0,0,,
2025-10-26 10:20:11.614634,952794.0,0,,
2025-10-26 10:20:17.616134,955120.0,0,,
2025-10-26 10:20:22.616254,955308.0,0,,
2025-10-26 10:20:27.616434,955594.0,0,,
2025-10-26 10:20:33.617634,957442.0,0,,
2025-10-26 10:20:38.617814,957728.0,0,,
2025-10-26 10:20:43.617994,958006.0,0,,
2025-10-26 10:20:48.619824,960850.0,0,,
2025-10-26 10:20:54.619944,961038.0,0,,
2025-10-26 10:20:59.621204,963016.0,0,,
2025-10-26 10:21:04.621324,963196.0,0,,
2025-10-26 10:21:09.621864,964046.0,0,,
2025-10-26 10:21:15.623364,966484.0,0,,
2025-10-26 10:21:20.623544,966770.0,0,,
2025-10-26 10:21:25.623664,966958.0,0,,
2025-10-26 10:21:31.625044,969176.0,0,,
2025-10-26 10:21:36.625164,969364.0,0,,
2025-10-26 10:21:41.625344,969650.0,0,,
2025-10-26 10:21:46.626844,971984.0,0,,
2025-10-26 10:21:52.627114,972360.0,0,,
2025-10-26 10:21:57.627384,972692.0,0,,
2025-10-26 10:22:02.628974,975160.0,0,,
2025-10-26 10:22:07.629094,975348.0,0,,
2025-10-26 10:22:13.629334,975732.0,0,,
2025-10-26 10:22:18.630834,978050.0,0,,
2025-10-26 10:22:23.631014,978336.0,0,,
2025-10-26 10:22:28.631194,978614.0,0,,
2025-10-26 10:22:34.632754,981066.0,0,,
2025-10-26 10:22:39.632874,981254.0,0,,
2025-10-26 10:22:44.633054,981532.0,0,,
2025-10-26 10:22:49.634764,984200.0,0,,
2025-10-26 10:22:55.635184,984934.0,0,,
2025-10-26 10:23:00.635394,985212.0,0,,
2025-10-26 10:23:05.637074,987772.0,0,,
2025-10-26 10:23:10.637194,987952.0,0,,
2025-10-26 10:23:16.638634,990196.0,0,,
2025-10-26 10:23:21.638754,990384.0,0,,
2025-10-26 10:23:26.638934,990670.0,0,,
2025-10-26 10:23:31.640614,993294.0,0,,
2025-10-26 10:23:37.640794,993580.0,0,,
2025-10-26 10:23:42.640914,993768.0,0,,
2025-10-26 10:23:47.642234,995808.0,0,,
2025-10-26 10:23:53.642414,996086.0,0,,
2025-10-26 10:23:58.642594,996372.0,0,,
2025-10-26 10:24:03.644304,999132.0,0,,
2025-10-26 10:24:09.644484,999418.0,0,,
2025-10-26 10:24:14.644664,999720.0,0,,
2025-10-26 10:24:19.645984,1001804.0,0,,
2025-10-26 10:24:24.646104,1001992.0,0,,
2025-10-26 10:24:30.646284,1002278.0,0,,
2025-10-26 10:24:35.647724,1004574.0,0,,
2025-10-26 10:24:40.647844,1004754.0,0,,
2025-10-26 10:24:46.648024,1005040.0,0,,
2025-10-26 10:24:51.649224,1006872.0,0,,
2025-10-26 10:24:56.649404,1007158.0,0,,
2025-10-26 10:25:01.649524,1007346.0,0,,
2025-10-26 10:25:07.651054,1009680.0,0,,
2025-10-26 10:25:12.651174,1009868.0,0,,
2025-10-26 10:25:17.652764,1012266.0,0,,
2025-10-26 10:25:22.652884,1012454.0,0,,
2025-10-26 10:25:28.653064,1012740.0,0,,
2025-10-26 10:25:33.654444,1014870.0,0,,
2025-10-26 10:25:38.654624,1015156.0,0,,
2025-10-26 10:25:44.654744,1015344.0,0,,
2025-10-26 10:25:49.656004,1017266.0,0,,
2025-10-26 10:25:54.656124,1017454.0,0,,
2025-10-26 10:26:00.656454,1017884.0,0,,
2025-10-26 10:26:05.657984,1020130.0,0,,
2025-10-26 10:26:10.658314,1020588.0,0,,
2025-10-26 10:26:15.658494,1020866.0,0,,
2025-10-26 10:26:21.659874,1023036.0,0,,
2025-10-26 10:26:26.660104,1023224.0,0,,
2025-10-26 10:26:31.660284,1023510.0,0,,
2025-10-26 10:26:36.661484,1025350.0,0,,
2025-10-26 10:26:42.661664,1025636.0,0,,
2025-10-26 10:26:47.661784,1025824.0,0,,
2025-10-26 10:26:52.663224,1028096.0,0,,
2025-10-26 10:26:57.663344,1028284.0,0,,
2025-10-26 10:27:03.663524,1028570.0,0,,
2025-10-26 10:27:08.664904,1030736.0,0,,
2025-10-26 10:27:13.665144,1031112.0,0,,
2025-10-26 10:27:18.666674,1033502.0,0,,
2025-10-26 10:27:24.666914,1033878.0,0,,
2025-10-26 10:27:29.667034,1034066.0,0,,
2025-10-26 10:27:34.668414,1036276.0,0,,
2025-10-26 10:27:40.668534,1036464.0,0,,
2025-10-26 10:27:45.668714,1036750.0,0,,
2025-10-26 10:27:50.670094,1038852.0,0,,
2025-10-26 10:27:55.670274,1039138.0,0,,
2025-10-26 10:28:01.670394,1039326.0,0,,
2025-10-26 10:28:06.671894,1041672.0,0,,
2025-10-26 10:28:11.672014,1041852.0,0,,
2025-10-26 10:28:16.672254,1042236.0,0,,
2025-10-26 10:28:22.673724,1044712.0,0,,
2025-10-26 10:28:27.673904,1044998.0,0,,
2025-10-26 10:28:32.674024,1045186.0,0,,
2025-10-26 10:28:38.675374,1047214.0,0,,
2025-10-26 10:28:43.675494,1047402.0,0,,
2025-10-26 10:28:48.675674,1047688.0,0,,
2025-10-26 10:28:53.676934,1049626.0,0,,
2025-10-26 10:28:59.677264,1050092.0,0,,
2025-10-26 10:29:04.677384,1050280.0,0,,
2025-10-26 10:29:09.678704,1052344.0,0,,
2025-10-26 10:29:15.678884,1052646.0,0,,
2025-10-26 10:29:20.679604,1053822.0,0,,
2025-10-26 10:29:25.680654,1055368.0,0,,
2025-10-26 10:29:30.680834,1055654.0,0,,
2025-10-26 10:29:36.682154,1057702.0,0,,
2025-10-26 10:29:41.682424,1058078.0,0,,
2025-10-26 10:29:46.682544,1058266.0,0,,
2025-10-26 10:29:51.684344,1061130.0,0,,
2025-10-26 10:29:57.684614,1061462.0,0,,
2025-10-26 10:30:02.684794,1061748.0,0,,
2025-10-26 10:30:07.686174,1063886.0,0,,
2025-10-26 10:30:12.686414,1064262.0,0,,
2025-10-26 10:30:18.686534,1064450.0,0,,
2025-10-26 10:30:23.688184,1066984.0,0,,
2025-10-26 10:30:28.688814,1068212.0,0,,
2025-10-26 10:30:33.688994,1068490.0,0,,
2025-10-26 10:30:39.690524,1070870.0,0,,
2025-10-26 10:30:44.690704,1071156.0,0,,
2025-10-26 10:30:49.690884,1071442.0,0,,
2025-10-26 10:30:55.692144,1073444.0,0,,
2025-10-26 10:31:00.692324,1073730.0,0,,
2025-10-26 10:31:05.692444,1073918.0,0,,
2025-10-26 10:31:10.693704,1075876.0,0,,
2025-10-26 10:31:16.693884,1076178.0,0,,
2025-10-26 10:31:21.694364,1076914.0,0,,
2025-10-26 10:31:26.695384,1078468.0,0,,
2025-10-26 10:31:32.695744,1079084.0,0,,
2025-10-26 10:31:37.697154,1081330.0,0,,
2025-10-26 10:31:42.697334,1081608.0,0,,
2025-10-26 10:31:47.697454,1081796.0,0,,
2025-10-26 10:31:53.698654,1083652.0,0,,
2025-10-26 10:31:58.698774,1083840.0,0,,
2025-10-26 10:32:03.698954,1084126.0,0,,
2025-10-26 10:32:09.700274,1086262.0,0,,
2025-10-26 10:32:14.700514,1086646.0,0,,
2025-10-26 10:32:19.700634,1086834.0,0,,
2025-10-26 10:32:24.702074,1089070.0,0,,
2025-10-26 10:32:30.702494,1089546.0,0,,
2025-10-26 10:32:35.702674,1089832.0,0,,
2025-10-26 10:32:40.704174,1092036.0,0,,
2025-10-26 10:32:45.704354,1092322.0,0,,
2025-10-26 10:32:51.704474,1092510.0,0,,
2025-10-26 10:32:56.705734,1094432.0,0,,
2025-10-26 10:33:01.705854,1094620.0,0,,
2025-10-26 10:33:06.706094,1094996.0,0,,
2025-10-26 10:33:12.707354,1096946.0,0,,
2025-10-26 10:33:17.707714,1097534.0,0,,
2025-10-26 10:33:22.707834,1097722.0,0,,
2025-10-26 10:33:27.709154,1099794.0,0,,
2025-10-26 10:33:33.709334,1100072.0,0,,
2025-10-26 10:33:38.710594,1102022.0,0,,
2025-10-26 10:33:43.711044,1102772.0,0,,
2025-10-26 10:33:48.711224,1103058.0,0,,
2025-10-26 10:33:54.712544,1105270.0,0,,
2025-10-26 10:33:59.712724,1105556.0,0,,
2025-10-26 10:34:04.712844,1105736.0,0,,
2025-10-26 10:34:10.714164,1107756.0,0,,
2025-10-26 10:34:15.714344,1108050.0,0,,
2025-10-26 10:34:20.714524,1108336.0,0,,
2025-10-26 10:34:25.716084,1110772.0,0,,
2025-10-26 10:34:31.716264,1111058.0,0,,
2025-10-26 10:34:36.716384,1111246.0,0,,
2025-10-26 10:34:41.717704,1113302.0,0,,
2025-10-26 10:34:46.717824,1113490.0,0,,
2025-10-26 10:34:52.718094,1113866.0,0,,
2025-10-26 10:34:57.719474,1116020.0,0,,
2025-10-26 10:35:02.719894,1116698.0,0,,
2025-10-26 10:35:07.720124,1116886.0,0,,
2025-10-26 10:35:13.721684,1119346.0,0,,
2025-10-26 10:35:18.721804,1119534.0,0,,
2025-10-26 10:35:23.721984,1119820.0,0,,
2025-10-26 10:35:28.723424,1122120.0,0,,
2025-10-26 10:35:34.723604,1122406.0,0,,
2025-10-26 10:35:39.723964,1122954.0,0,,
2025-10-26 10:35:44.725314,1124930.0,0,,
2025-10-26 10:35:49.725434,1125118.0,0,,
2025-10-26 10:35:55.727384,1128066.0,0,,
2025-10-26 10:36:00.727504,1128254.0,0,,
2025-10-26 10:36:05.727684,1128540.0,0,,
2025-10-26 10:36:10.729514,1131440.0,0,,
2025-10-26 10:36:16.729754,1131824.0,0,,
2025-10-26 10:36:21.729874,1132012.0,0,,
2025-10-26 10:36:26.731344,1134168.0,0,,
2025-10-26 10:36:32.731464,1134356.0,0,,
2025-10-26 10:36:37.731644,1134642.0,0,,
2025-10-26 10:36:42.732904,1136600.0,0,,
2025-10-26 10:36:47.733384,1137460.0,0,,
2025-10-26 10:36:53.733504,1137648.0,0,,
2025-10-26 10:36:58.734914,1139758.0,0,,
2025-10-26 10:37:03.735034,1139938.0,0,,
2025-10-26 10:37:09.735214,1140224.0,0,,
2025-10-26 10:37:14.736534,1142288.0,0,,
2025-10-26 10:37:19.736654,1142476.0,0,,
2025-10-26 10:37:25.736834,1142762.0,0,,
2025-10-26 10:37:30.738214,1144872.0,0,,
2025-10-26 10:37:35.738394,1145158.0,0,,
2025-10-26 10:37:41.739714,1147190.0,0,,
2025-10-26 10:37:46.739894,1147476.0,0,,
2025-10-26 10:37:51.740014,1147664.0,0,,
2025-10-26 10:37:56.741454,1149872.0,0,,
2025-10-26 10:38:02.742024,1150826.0,0,,
2025-10-26 10:38:07.742264,1151202.0,0,,
2025-10-26 10:38:12.743704,1153538.0,0,,
2025-10-26 10:38:17.743884,1153824.0,0,,
2025-10-26 10:38:23.744004,1154012.0,0,,
2025-10-26 10:38:28.745684,1156720.0,0,,
2025-10-26 10:38:33.745804,1156900.0,0,,
2025-10-26 10:38:38.745984,1157186.0,0,,
2025-10-26 10:38:44.747124,1158936.0,0,,
2025-10-26 10:38:49.747304,1159222.0,0,,
2025-10-26 10:38:54.747424,1159402.0,0,,
2025-10-26 10:38:59.748684,1161348.0,0,,
2025-10-26 10:39:05.748804,1161536.0,0,,
2025-10-26 10:39:10.749164,1162002.0,0,,
2025-10-26 10:39:15.750484,1164094.0,0,,
2025-10-26 10:39:21.750664,1164380.0,0,,
2025-10-26 10:39:26.750784,1164568.0,0,,
2025-10-26 10:39:31.752164,1166706.0,0,,
2025-10-26 10:39:36.752284,1166894.0,0,,
2025-10-26 10:39:42.752464,1167180.0,0,,
2025-10-26 10:39:47.753544,1168824.0,0,,
2025-10-26 10:39:52.753724,1169102.0,0,,
2025-10-26 10:39:57.755164,1171402.0,0,,
2025-10-26 10:40:03.755494,1171832.0,0,,
2025-10-26 10:40:08.755614,1172020.0,0,,
2025-10-26 10:40:13.757504,1174946.0,0,,
2025-10-26 10:40:18.757624,1175126.0,0,,
2025-10-26 10:40:24.757804,1175412.0,0,,
2025-10-26 10:40:29.759154,1177452.0,0,,
2025-10-26 10:40:34.759394,1177828.0,0,,
2025-10-26 10:40:40.759574,1178106.0,0,,
2025-10-26 10:40:45.761074,1180496.0,0,,
2025-10-26 10:40:50.761194,1180684.0,0,,
2025-10-26 10:40:55.761374,1180970.0,0,,
2025-10-26 10:41:01.762754,1183080.0,0,,
2025-10-26 10:41:06.762934,1183366.0,0,,
2025-10-26 10:41:11.763054,1183546.0,0,,
2025-10-26 10:41:16.764764,1186258.0,0,,
2025-10-26 10:41:22.764884,1186446.0,0,,
2025-10-26 10:41:27.765064,1186732.0,0,,
2025-10-26 10:41:32.766444,1188934.0,0,,
2025-10-26 10:41:37.766624,1189220.0,0,,
2025-10-26 10:41:43.766744,1189408.0,0,,
2025-10-26 10:41:48.768274,1191690.0,0,,
2025-10-26 10:41:53.768394,1191870.0,0,,
2025-10-26 10:41:58.768754,1192450.0,0,,
2025-10-26 10:42:04.770074,1194462.0,0,,
2025-10-26 10:42:09.770254,1194748.0,0,,
2025-10-26 10:42:14.771514,1196730.0,0,,
2025-10-26 10:42:19.771694,1197008.0,0,,
2025-10-26 10:42:25.771904,1197286.0,0,,
2025-10-26 10:42:30.773464,1199774.0,0,,
2025-10-26 10:42:35.773584,1199962.0,0,,
2025-10-26 10:42:41.773764,1200248.0,0,,
2025-10-26 10:42:46.774954,1201900.0,0,,
2025-10-26 10:42:51.775134,1202186.0,0,,
2025-10-26 10:42:56.775254,1202374.0,0,,
2025-10-26 10:43:02.776574,1204402.0,0,,
2025-10-26 10:43:07.776694,1204590.0,0,,
2025-10-26 10:43:12.776934,1204966.0,0,,
2025-10-26 10:43:18.778224,1206868.0,0,,
2025-10-26 10:43:23.778404,1207154.0,0,,
2025-10-26 10:43:28.778674,1207522.0,0,,
2025-10-26 10:43:34.780414,1210288.0,0,,
2025-10-26 10:43:39.780834,1210978.0,0,,
2025-10-26 10:43:44.781014,1211256.0,0,,
2025-10-26 10:43:49.782274,1213258.0,0,,
2025-10-26 10:43:55.782394,1213446.0,0,,
2025-10-26 10:44:00.783774,1215588.0,0,,
2025-10-26 10:44:05.783894,1215776.0,0,,
2025-10-26 10:44:11.784074,1216062.0,0,,
2025-10-26 10:44:16.785454,1218180.0,0,,
2025-10-26 10:44:21.785634,1218466.0,0,,
2025-10-26 10:44:27.785874,1219026.0,0,,
2025-10-26 10:44:32.787224,1221090.0,0,,
2025-10-26 10:44:37.787344,1221278.0,0,,
2025-10-26 10:44:42.787524,1221556.0,0,,
2025-10-26 10:44:48.788664,1223378.0,0,,
2025-10-26 10:44:53.788844,1223664.0,0,,
2025-10-26 10:44:58.789054,1223906.0,0,,
2025-10-26 10:45:03.790434,1226052.0,0,,
2025-10-26 10:45:09.790554,1226240.0,0,,
2025-10-26 10:45:14.790794,1226624.0,0,,
2025-10-26 10:45:19.792054,1228546.0,0,,
2025-10-26 10:45:24.792414,1229126.0,0,,
2025-10-26 10:45:30.792594,1229404.0,0,,
2025-10-26 10:45:35.794124,1231874.0,0,,
2025-10-26 10:45:40.794244,1232054.0,0,,
2025-10-26 10:45:46.794424,1232340.0,0,,
2025-10-26 10:45:51.795624,1234256.0,0,,
2025-10-26 10:45:56.795804,1234542.0,0,,
2025-10-26 10:46:01.795924,1234722.0,0,,
2025-10-26 10:46:07.797364,1237054.0,0,,
2025-10-26 10:46:12.797484,1237242.0,0,,
2025-10-26 10:46:17.798984,1239672.0,0,,
2025-10-26 10:46:22.799194,1239950.0,0,,
2025-10-26 10:46:28.799524,1240380.0,0,,
2025-10-26 10:46:33.800844,1242580.0,0,,
2025-10-26 10:46:38.801114,1242956.0,0,,
2025-10-26 10:46:44.801234,1243144.0,0,,
2025-10-26 10:46:49.802674,1245352.0,0,,
2025-10-26 10:46:54.802794,1245532.0,0,,
2025-10-26 10:46:59.802974,1245818.0,0,,
2025-10-26 10:47:05.804414,1247980.0,0,,
2025-10-26 10:47:10.804774,1248576.0,0,,
2025-10-26 10:47:15.804954,1248854.0,0,,
2025-10-26 10:47:20.806334,1251016.0,0,,
2025-10-26 10:47:26.806454,1251204.0,0,,
2025-10-26 10:47:31.806634,1251490.0,0,,
2025-10-26 10:47:36.808104,1253706.0,0,,
2025-10-26 10:47:42.808284,1253992.0,0,,
2025-10-26 10:47:47.808674,1254676.0,0,,
2025-10-26 10:47:52.811074,1258824.0,0,,
2025-10-26 10:47:57.811194,1259012.0,0,,
2025-10-26 10:48:03.811314,1259200.0,0,,
2025-10-26 10:48:08.812634,1261276.0,0,,
2025-10-26 10:48:13.812814,1261562.0,0,,
2025-10-26 10:48:18.813234,1262208.0,0,,
2025-10-26 10:48:24.814254,1263814.0,0,,
2025-10-26 10:48:29.814374,1264002.0,0,,
2025-10-26 10:48:34.815694,1266006.0,0,,
2025-10-26 10:48:39.815814,1266194.0,0,,
2025-10-26 10:48:45.815934,1266382.0,0,,
2025-10-26 10:48:50.817704,1269104.0,0,,
2025-10-26 10:48:55.817884,1269382.0,0,,
2025-10-26 10:49:00.818004,1269562.0,0,,
2025-10-26 10:49:06.819264,1271492.0,0,,
2025-10-26 10:49:11.819444,1271770.0,0,,
2025-10-26 10:49:16.819794,1272138.0,0,,
2025-10-26 10:49:21.820934,1273944.0,0,,
2025-10-26 10:49:27.823012,1277874.0,0,,
2025-10-26 10:49:32.823132,1278062.0,0,,
2025-10-26 10:49:37.824512,1280208.0,0,,
2025-10-26 10:49:42.824632,1280396.0,0,,
2025-10-26 10:49:48.824992,1280818.0,0,,
2025-10-26 10:49:53.826282,1282732.0,0,,
2025-10-26 10:49:58.826402,1282920.0,0,,
2025-10-26 10:50:04.826522,1283108.0,0,,
2025-10-26 10:50:09.827662,1284894.0,0,,
2025-10-26 10:50:14.827842,1285164.0,0,,
2025-10-26 10:50:19.827962,1285352.0,0,,
2025-10-26 10:50:25.829162,1287176.0,0,,
2025-10-26 10:50:30.829432,1287508.0,0,,
2025-10-26 10:50:35.830932,1290006.0,0,,
2025-10-26 10:50:40.831052,1290186.0,0,,
2025-10-26 10:50:46.831172,1290374.0,0,,
2025-10-26 10:50:51.832432,1292368.0,0,,
2025-10-26 10:50:56.832942,1293240.0,0,,
2025-10-26 10:51:02.833062,1293420.0,0,,
2025-10-26 10:51:07.834442,1295702.0,0,,
2025-10-26 10:51:12.834562,1295890.0,0,,
2025-10-26 10:51:17.834742,1296184.0,0,,
2025-10-26 10:51:23.836062,1298240.0,0,,
2025-10-26 10:51:28.836182,1298428.0,0,,
2025-10-26 10:51:33.836302,1298608.0,0,,
2025-10-26 10:51:38.837862,1301088.0,0,,
2025-10-26 10:51:44.838042,1301366.0,0,,
2025-10-26 10:51:49.838162,1301554.0,0,,
2025-10-26 10:51:54.839902,1304348.0,0,,
2025-10-26 10:51:59.840022,1304536.0,0,,
2025-10-26 10:52:05.840232,1304814.0,0,,
2025-10-26 10:52:10.841372,1306656.0,0,,
2025-10-26 10:52:15.841552,1306934.0,0,,
2025-10-26 10:52:20.841672,1307122.0,0,,
2025-10-26 10:52:26.842992,1309178.0,0,,
2025-10-26 10:52:31.843112,1309366.0,0,,
2025-10-26 10:52:36.843232,1309554.0,0,,
2025-10-26 10:52:42.844582,1311646.0,0,,
2025-10-26 10:52:47.844702,1311834.0,0,,
2025-10-26 10:52:52.845962,1313816.0,0,,
2025-10-26 10:52:57.846232,1314148.0,0,,
2025-10-26 10:53:03.846412,1314426.0,0,,
2025-10-26 10:53:08.848002,1316806.0,0,,
2025-10-26 10:53:13.848182,1317092.0,0,,
